ID,Text,Sentiment,Date_UTC,User,Platform,Hashtags,Retweets,Likes,Country,Year,Month,Day,Hour,Sentiment_Normalized
0,Enjoying a beautiful day at the park!,Positive,15/01/2023 12:00,User123,Twitter,#Nature #Park,15,30,USA,2023,1,15,12,Positive
1,Traffic was terrible this morning.,Negative,15/01/2023 9:00,CommuterX,Twitter,#Traffic #Morning,5,10,Canada,2023,1,15,8,Negative
2,Just finished an amazing workout! üí™,Positive,15/01/2023 16:00,FitnessFan,Instagram,#Fitness #Workout,20,40,USA,2023,1,15,15,Positive
3,Excited about the upcoming weekend getaway!,Positive,15/01/2023 18:00,AdventureX,Facebook,#Travel #Adventure,8,15,UK,2023,1,15,18,Positive
4,Trying out a new recipe for dinner tonight.,Neutral,15/01/2023 20:00,ChefCook,Instagram,#Cooking #Food,12,25,Australia,2023,1,15,19,Neutral
5,Feeling grateful for the little things in life.,Positive,16/01/2023 9:00,GratitudeNow,Twitter,#Gratitude #PositiveVibes,25,50,India,2023,1,16,9,Positive
6,Rainy days call for cozy blankets and hot cocoa.,Positive,16/01/2023 15:00,RainyDays,Facebook,#RainyDays #Cozy,10,20,Canada,2023,1,16,14,Positive
7,The new movie release is a must-watch!,Positive,16/01/2023 20:00,MovieBuff,Instagram,#MovieNight #MustWatch,15,30,USA,2023,1,16,19,Positive
8,Political discussions heating up on the timeline.,Negative,17/01/2023 8:00,DebateTalk,Twitter,#Politics #Debate,30,60,USA,2023,1,17,8,Negative
9,Missing summer vibes and beach days.,Neutral,17/01/2023 12:00,BeachLover,Facebook,#Summer #BeachDays,18,35,Australia,2023,1,17,12,Neutral
10,Just published a new blog post. Check it out!,Positive,17/01/2023 15:00,BloggerX,Instagram,#Blogging #NewPost,22,45,USA,2023,1,17,15,Positive
11,Feeling a bit under the weather today.,Negative,18/01/2023 11:00,WellnessCheck,Twitter,#SickDay #Health,7,15,Canada,2023,1,18,10,Negative
12,Exploring the city's hidden gems.,Positive,18/01/2023 15:00,UrbanExplorer,Facebook,#CityExplore #HiddenGems,12,25,UK,2023,1,18,14,Positive
13,"New year, new fitness goals! üí™",Positive,18/01/2023 18:00,FitJourney,Instagram,#NewYear #FitnessGoals,28,55,USA,2023,1,18,18,Positive
14,Technology is changing the way we live.,Neutral,19/01/2023 10:00,TechEnthusiast,Twitter,#Tech #Innovation,15,30,India,2023,1,19,9,Neutral
15,Reflecting on the past and looking ahead.,Positive,19/01/2023 13:00,Reflections,Facebook,#Reflection #Future,20,40,USA,2023,1,19,13,Positive
16,Just adopted a cute furry friend! üêæ,Positive,19/01/2023 17:00,PetAdopter,Instagram,#PetAdoption #FurryFriend,15,30,Canada,2023,1,19,17,Positive
17,Late-night gaming session with friends.,Positive,20/01/2023 0:00,GamerX,Twitter,#Gaming #LateNight,18,35,UK,2023,1,20,0,Positive
18,Attending a virtual conference on AI.,Neutral,20/01/2023 12:00,TechConference,Facebook,#AI #TechConference,25,50,USA,2023,1,20,11,Neutral
19,Winter blues got me feeling low.,Negative,20/01/2023 15:00,WinterBlues,Instagram,#WinterBlues #Mood,8,15,USA,2023,1,20,15,Negative
20,Sipping coffee and enjoying a good book.,Positive,21/01/2023 9:00,Bookworm,Twitter,#Reading #CoffeeTime,22,45,India,2023,1,21,8,Positive
21,Exploring the world of virtual reality.,Positive,21/01/2023 13:00,VRExplorer,Facebook,#VR #VirtualReality,15,30,USA,2023,1,21,13,Positive
22,Productive day ticking off my to-do list.,Positive,21/01/2023 17:00,ProductivityPro,Instagram,#Productivity #WorkFromHome,30,60,USA,2023,1,21,16,Positive
23,Just finished a challenging workout routine.,Positive,22/01/2023 9:00,FitnessWarrior,Twitter,#Fitness #ChallengeAccepted,20,40,UK,2023,1,22,9,Positive
24,Celebrating a milestone at work! ??,Positive,22/01/2023 15:00,CareerMilestone,Facebook,#Career #Milestone,12,25,Canada,2023,1,22,14,Positive
25,Sunday brunch with friends.,Positive,22/01/2023 12:00,BrunchBuddy,Instagram,#Brunch #Friends,15,30,UK,2023,1,22,12,Positive
28,Learning a new language for personal growth.,Positive,23/01/2023 16:00,LanguageLearner,Facebook,#LanguageLearning #PersonalGrowth,25,50,India,2023,1,23,16,Positive
29,Quiet evening with a good book.,Positive,23/01/2023 20:00,BookLover,Instagram,#Reading #QuietTime,15,30,Australia,2023,1,23,19,Positive
30,Reflecting on the importance of mental health.,Positive,24/01/2023 12:00,MentalHealthMatters,Twitter,#MentalHealth #SelfCare,22,45,USA,2023,1,24,11,Positive
31,New painting in progress! ??,Positive,24/01/2023 15:00,ArtistInAction,Facebook,#Art #PaintingInProgress,12,25,Canada,2023,1,24,15,Positive
32,Weekend road trip to explore scenic views.,Positive,24/01/2023 18:00,RoadTripper,Instagram,#RoadTrip #ScenicViews,18,35,UK,2023,1,24,17,Positive
33,Enjoying a cup of tea and watching the sunset.,Positive,25/01/2023 18:00,SunsetWatcher,Twitter,#TeaTime #Sunset,15,30,India,2023,1,25,18,Positive
34,Coding a new project with enthusiasm.,Positive,25/01/2023 13:00,CodeEnthusiast,Facebook,#Coding #Enthusiasm,30,60,USA,2023,1,25,13,Positive
35,Feeling inspired after attending a workshop.,Positive,26/01/2023 10:00,WorkshopAttendee,Instagram,#Inspiration #Workshop,25,50,USA,2023,1,26,9,Positive
36,Winter sports day at the local park.,Positive,26/01/2023 14:00,WinterSports,Twitter,#WinterSports #Fun,15,30,Canada,2023,1,26,14,Positive
37,Quality time with family this weekend.,Positive,26/01/2023 18:00,FamilyTime,Facebook,#FamilyTime #Weekend,22,45,UK,2023,1,26,17,Positive
38,Attending a live music concert tonight.,Positive,27/01/2023 20:00,MusicLover,Instagram,#Music #ConcertNight,18,35,USA,2023,1,27,20,Positive
39,Practicing mindfulness with meditation.,Positive,27/01/2023 12:00,MindfulMoments,Twitter,#Mindfulness #Meditation,15,30,India,2023,1,27,12,Positive
40,Trying out a new dessert recipe.,Positive,27/01/2023 16:00,DessertExplorer,Facebook,#Dessert #Cooking,12,25,Canada,2023,1,27,16,Positive
41,Excited about the upcoming gaming tournament.,Positive,28/01/2023 9:00,GamingEnthusiast,Instagram,#Gaming #Tournament,30,60,USA,2023,1,28,9,Positive
42,Planning a garden makeover for spring.,Positive,28/01/2023 15:00,GardenPlanner,Twitter,#Gardening #Spring,25,50,USA,2023,1,28,14,Positive
43,Celebrating a friend's birthday tonight! ??,Positive,28/01/2023 20:00,BirthdayBash,Facebook,#Birthday #Celebration,15,30,UK,2023,1,28,19,Positive
44,Feeling accomplished after a productive day.,Positive,29/01/2023 17:00,ProductivityWin,Instagram,#Accomplished #Success,22,45,India,2023,1,29,17,Positive
45,A cozy evening with a good movie.,Positive,29/01/2023 20:00,MovieNight,Twitter,#CozyNight #MovieTime,18,35,Canada,2023,1,29,20,Positive
46,Exploring local art galleries this weekend.,Positive,30/01/2023 12:00,ArtExplorer,Facebook,#Art #GalleryExplore,15,30,USA,2023,1,30,11,Positive
47,New book release from my favorite author!,Positive,30/01/2023 16:00,BookwormX,Instagram,#BookRelease #FavoriteAuthor,12,25,UK,2023,1,30,15,Positive
48,Attending a virtual reality meetup.,Positive,30/01/2023 18:00,VRMeetup,Twitter,#VRMeetup #VirtualReality,28,55,India,2023,1,30,18,Positive
49,Reflecting on the beauty of nature.,Positive,31/01/2023 11:00,NatureLover,Facebook,#Nature #Reflection,15,30,Australia,2023,1,31,10,Positive
50,Cooking a special dinner for loved ones.,Positive,31/01/2023 19:00,ChefAtHome,Instagram,#Cooking #SpecialDinner,20,40,USA,2023,1,31,19,Positive
51,Feeling optimistic about the week ahead.,Positive,31/01/2023 16:00,OptimisticMindset,Twitter,#Optimism #NewWeek,15,30,Canada,2023,1,31,16,Positive
52,Starting a new fitness challenge tomorrow! üí™,Positive,01/02/2023 8:00,FitnessChallenge,Facebook,#FitnessChallenge #NewBeginnings,22,45,UK,2023,2,1,8,Positive
53,Sunday bike ride through scenic trails.,Positive,01/02/2023 14:00,BikeExplorer,Instagram,#BikeRide #ScenicTrails,18,35,USA,2023,2,1,13,Positive
55,Can't believe the injustice happening in our society.,Anger,11/02/2023 9:00,SocialJustice,Twitter,#Injustice #Angry,20,40,Canada,2023,2,11,9,Anger
56,Feeling a sense of fear after watching a thriller movie.,Fear,11/02/2023 21:00,ThrillerFan,Instagram,#Fear #ThrillerMovie,15,30,USA,2023,2,11,21,Fear/Anxiety
57,Heartbroken after hearing the news about a natural disaster.,Sadness,12/02/2023 15:00,EmpathyFirst,Facebook,#Sadness #NaturalDisaster,25,50,India,2023,2,12,14,Sadness
58,The state of the world's environment is just disgusting.,Disgust,12/02/2023 18:00,EcoAwareness,Twitter,#Disgust #Environment,18,35,UK,2023,2,12,18,Disgust
59,Pure happiness: celebrating a loved one's achievement!,Happiness,13/02/2023 10:00,ProudFriend,Instagram,#Happiness #Celebration,30,60,USA,2023,2,13,10,Happiness
60,"Laughter is the best medicine""îenjoying a comedy show.",Joy,13/02/2023 20:00,ComedyFan,Facebook,#Joy #ComedyShow,22,45,Canada,2023,2,13,19,Joy
61,Sharing love and positive vibes with everyone! ‚ù§è,Love,14/02/2023 9:00,LoveSpreader,Twitter,#Love #SpreadLove,15,30,Australia,2023,2,14,8,Love
62,An amusing incident brightened up my day!,Amusement,14/02/2023 14:00,AmusedSoul,Instagram,#Amusement #FunTimes,18,35,UK,2023,2,14,14,Amusement
63,Enjoying a quiet evening with a book and some tea.,Enjoyment,14/02/2023 20:00,BookLoverAgain,Facebook,#Enjoyment #BookTime,25,50,Canada,2023,2,14,19,Joy
64,Admiring the beauty of nature during a peaceful hike.,Admiration,15/02/2023 12:00,NatureAdmirer,Twitter,#Admiration #Nature,20,40,USA,2023,2,15,11,Curiosity/Awe
65,Sending affectionate vibes to all my followers!,Affection,15/02/2023 16:00,AffectionSender,Instagram,#Affection #PositiveVibes,15,30,USA,2023,2,15,16,Love
66,Experiencing awe at the breathtaking sunset.,Awe,15/02/2023 21:00,AweStruck,Facebook,#Awe #Breathtaking,22,45,Australia,2023,2,15,20,Curiosity/Awe
67,Disappointed with the service at a local restaurant.,Disappointed,16/02/2023 9:00,FoodieGoneWrong,Twitter,#Disappointed #BadService,18,35,India,2023,2,16,9,Disappointment
68,A surprise gift from a friend made my day!,Surprise,16/02/2023 15:00,HappySurprise,Instagram,#Surprise #Gift,25,50,USA,2023,2,16,14,Surprise
69,Finding acceptance in the midst of life's challenges.,Acceptance,16/02/2023 18:00,AcceptanceSeeker,Facebook,#Acceptance #Challenges,15,30,Canada,2023,2,16,18,Reflective
70,Overflowing with adoration for my adorable pet! üêæ,Adoration,17/02/2023 11:00,PetAdorer,Twitter,#Adoration #PetLove,22,45,UK,2023,2,17,10,Love
71,Anticipating a thrilling adventure in the coming weeks.,Anticipation,17/02/2023 8:00,AdventureAwaits,Instagram,#Anticipation #Adventure,20,40,USA,2023,2,17,7,Anticipation
72,A bitter experience turned into a valuable lesson.,Bitter,17/02/2023 15:00,LearnFromBitter,Facebook,#BitterLesson #Growth,18,35,USA,2023,2,17,15,Resentment
73,Finding calmness in the midst of a busy day.,Calmness,18/02/2023 9:00,ZenMaster,Twitter,#Calmness #PeacefulMind,15,30,India,2023,2,18,9,Contentment
74,Confusion clouds my mind as I navigate through decisions.,Confusion,18/02/2023 14:00,ConfusedMind,Instagram,#Confusion #DecisionMaking,25,50,UK,2023,2,18,14,Neutral
75,Excitement building up for the upcoming vacation!,Excitement,18/02/2023 19:00,VacationDreamer,Facebook,#Excitement #TravelPlans,22,45,Canada,2023,2,18,18,Excitement
76,Kindness witnessed today restored my faith in humanity.,Kind,19/02/2023 12:00,KindnessPrevails,Twitter,#Kindness #Humanity,20,40,USA,2023,2,19,11,Compassion
77,Pride in achieving a personal milestone.,Pride,19/02/2023 16:00,PersonalAchiever,Instagram,#Pride #Milestone,30,60,Australia,2023,2,19,16,Pride
78,A moment of shame for not standing up against injustice.,Shame,19/02/2023 20:00,ReflectiveSelf,Facebook,#Shame #Injustice,15,30,India,2023,2,19,19,Shame
79,Fuming with anger after a heated argument.,Anger,20/02/2023 9:00,AngryDebater,Twitter,#Anger #Argument,20,40,Canada,2023,2,20,9,Anger
80,The fear of the unknown is keeping me up at night.,Fear,20/02/2023 21:00,FearfulDreamer,Instagram,#Fear #Unknown,15,30,USA,2023,2,20,21,Fear/Anxiety
81,Heartfelt sadness after bidding farewell to a dear friend.,Sadness,21/02/2023 15:00,FarewellHeart,Facebook,#Sadness #Farewell,25,50,India,2023,2,21,14,Sadness
82,The state of corruption in our society is utterly disgusting.,Disgust,21/02/2023 18:00,AntiCorruption,Twitter,#Disgust #Corruption,18,35,UK,2023,2,21,18,Disgust
83,Overflowing happiness: welcoming a new family member!,Happiness,22/02/2023 10:00,NewParentJoy,Instagram,#Happiness #NewFamilyMember,30,60,UK,2023,2,22,10,Happiness
84,"Laughter is the key to joy""îattending a stand-up comedy show.",Joy,22/02/2023 20:00,StandUpFan,Facebook,#Joy #StandUpComedy,22,45,Canada,2023,2,22,19,Joy
85,Sending love to all my followers on this beautiful day! ‚ù§è,Love,23/02/2023 9:00,LoveSender,Twitter,#Love #SpreadLove,15,30,Australia,2023,2,23,8,Love
86,"Amused by the antics of my pet""îit's pure amusement!",Amusement,23/02/2023 14:00,PetAmuser,Instagram,#Amusement #PetAntics,18,35,UK,2023,2,23,14,Amusement
87,"Enjoying every moment of this trip""îpure enjoyment!",Enjoyment,23/02/2023 20:00,TravelExplorer,Facebook,#Enjoyment #Travel,25,50,USA,2023,2,23,19,Joy
88,Admiring the dedication of volunteers at a local charity.,Admiration,24/02/2023 12:00,CharityAdmirer,Twitter,#Admiration #Volunteers,20,40,USA,2023,2,24,11,Curiosity/Awe
89,Sending affectionate vibes to friends and family.,Affection,24/02/2023 16:00,FamilyLover,Instagram,#Affection #FamilyLove,15,30,USA,2023,2,24,16,Love
90,Awe-struck by the beauty of the night sky.,Awe,24/02/2023 21:00,Stargazer,Facebook,#Awe #StarryNight,22,45,Australia,2023,2,24,20,Curiosity/Awe
91,Disappointed with the lack of progress in a personal project.,Disappointed,25/02/2023 9:00,ProjectStruggle,Twitter,#Disappointed #Project,18,35,India,2023,2,25,9,Disappointment
92,A surprise visit from an old friend brought tears of joy.,Surprise,25/02/2023 15:00,JoyfulReunion,Instagram,#Surprise #OldFriends,25,50,USA,2023,2,25,14,Surprise
93,Embracing acceptance of life's ups and downs.,Acceptance,25/02/2023 18:00,LifeAcceptance,Facebook,#Acceptance #LifeJourney,15,30,Canada,2023,2,25,18,Reflective
94,Overflowing adoration for a cute rescue puppy! üê∂,Adoration,26/02/2023 11:00,PuppyAdmirer,Twitter,#Adoration #PuppyLove,22,45,UK,2023,2,26,10,Love
95,Anticipating the release of a much-awaited movie.,Anticipation,26/02/2023 8:00,MovieBuff2,Instagram,#Anticipation #MovieRelease,20,40,Australia,2023,2,26,7,Anticipation
96,Bitter experience at the customer service department.,Bitter,26/02/2023 15:00,CustomerWoes,Facebook,#BitterExperience #CustomerService,18,35,USA,2023,2,26,15,Resentment
97,Finding calmness amidst the chaos of daily life.,Calmness,27/02/2023 9:00,CalmSoul,Twitter,#Calmness #InnerPeace,15,30,India,2023,2,27,9,Contentment
98,Confusion reigns as I try to make sense of recent events.,Confusion,27/02/2023 14:00,ConfusedMind2,Instagram,#Confusion #MakingSense,25,50,UK,2023,2,27,14,Neutral
99,Excitement building up for a surprise birthday party.,Excitement,27/02/2023 19:00,BirthdayExcite,Facebook,#Excitement #SurpriseParty,22,45,Canada,2023,2,27,18,Excitement
100,Witnessed an act of kindness that made my day.,Kind,28/02/2023 12:00,KindnessObserver,Twitter,#Kindness #ActsOfKindness,20,40,USA,2023,2,28,11,Compassion
101,Pride in completing a challenging fitness challenge.,Pride,28/02/2023 16:00,FitAchiever,Instagram,#Pride #FitnessChallengeCompleted,30,60,UK,2023,2,28,16,Pride
102,A moment of shame for not speaking up against injustice.,Shame,28/02/2023 20:00,ReflectiveSelf2,Facebook,#Shame #Injustice,15,30,India,2023,2,28,19,Shame
103,Reflecting on the beauty of diversity in our world.,Acceptance,01/03/2023 11:00,DiversityLover,Twitter,#Acceptance #Diversity,22,45,Australia,2023,3,1,10,Reflective
104,Excitement for a quiet evening with a good book.,Excitement,01/03/2023 14:00,BookwormJoy,Instagram,#Excitement #BookTime,18,35,USA,2023,3,1,13,Excitement
105,Feeling bitter about the unfairness in the workplace.,Bitter,01/03/2023 18:00,WorkplaceWoes,Twitter,#Bitter #Unfairness,15,30,Canada,2023,3,1,17,Resentment
106,Calmness prevails as I practice mindfulness.,Calmness,02/03/2023 18:00,MindfulMe,Facebook,#Calmness #Mindfulness,15,30,UK,2023,3,2,18,Contentment
107,Confusion surrounds me as I navigate through life's choices.,Confusion,02/03/2023 13:00,ConfusedMind3,Instagram,#Confusion #LifeChoices,30,60,USA,2023,3,2,13,Neutral
108,Excitement for a weekend road trip to explore new places.,Excitement,02/03/2023 17:00,RoadTripper2,Twitter,#Excitement #WeekendAdventure,25,50,India,2023,3,2,16,Excitement
109,Kindness witnessed today restores my faith in humanity.,Kind,03/03/2023 12:00,KindnessPrevails2,Facebook,#Kindness #HumanityRestored,22,45,USA,2023,3,3,11,Compassion
110,Pride in accomplishing personal and professional goals.,Pride,03/03/2023 15:00,GoalAchiever,Instagram,#Pride #Accomplishments,12,25,Canada,2023,3,3,14,Pride
111,Shame for not being true to my values in a difficult situation.,Shame,03/03/2023 12:00,ReflectiveSelf3,Twitter,#Shame #Integrity,15,30,UK,2023,3,3,12,Shame
112,"Revisiting old memories, feeling a sense of elation.",Elation,15/05/2010 15:00,NostalgiaFan,Twitter,#Elation #Memories,20,40,Canada,2010,5,15,15,Happiness
113,The victory of our team brought euphoria to the city.,Euphoria,10/08/2021 21:00,SportsFanatic,Instagram,#Euphoria #Victory,15,30,USA,2021,8,10,21,Happiness
114,"Embracing the beauty of nature, a moment of contentment.",Contentment,20/06/2011 15:00,NatureLover2,Facebook,#Contentment #Nature,25,50,India,2011,6,20,14,Contentment
115,"Meditating by the serene lake, finding inner peace.",Serenity,12/02/2022 18:00,ZenMaster2,Twitter,#Serenity #Meditation,18,35,UK,2022,2,12,18,Contentment
116,Overflowing with gratitude for life's blessings.,Gratitude,25/11/2012 10:00,ThankfulHeart,Instagram,#Gratitude #Blessed,30,60,Australia,2012,11,25,10,Gratitude
117,"Hopeful for a brighter tomorrow, despite challenges.",Hope,05/04/2013 20:00,OptimisticSoul,Facebook,#Hope #Optimism,22,45,USA,2013,4,5,19,Hope
118,Empowered to make a difference in my community.,Empowerment,14/09/2014 9:00,CommunityLeader,Twitter,#Empowerment #Community,15,30,UK,2014,9,14,8,Empowerment
119,Compassion in action: supporting a local charity event.,Compassion,18/07/2015 14:00,CharitySupporter,Instagram,#Compassion #CharityEvent,18,35,Canada,2015,7,18,14,Compassion
120,"A moment of tenderness, connecting with loved ones.",Tenderness,23/02/2016 20:00,LovingHeart,Facebook,#Tenderness #FamilyTime,25,50,UK,2016,2,23,19,Love
121,Arousal of excitement as I await a special announcement.,Arousal,30/10/2017 12:00,ExcitementFan,Twitter,#Arousal #Excitement,20,40,Australia,2017,10,30,11,Excitement
122,Enthusiastically diving into a new project.,Enthusiasm,15/06/2018 16:00,ProjectEnthusiast,Instagram,#Enthusiasm #NewProject,15,30,USA,2018,6,15,16,Excitement
123,Feeling a sense of fulfillment after reaching a milestone.,Fulfillment,28/03/2019 18:00,MilestoneAchiever,Facebook,#Fulfillment #Milestone,22,45,India,2019,3,28,18,Accomplishment
124,Reverence for the beauty of a historic landmark.,Reverence,11/11/2019 15:00,HistoryLover,Twitter,#Reverence #History,18,35,UK,2019,11,11,15,Curiosity/Awe
125,Elation after a surprise reunion with old friends.,Elation,02/04/2020 9:00,JoyfulReunion2,Instagram,#Elation #OldFriends,25,50,Canada,2020,4,2,9,Happiness
126,The euphoria of a live music concert under the stars.,Euphoria,19/06/2021 15:00,MusicEnthusiast,Facebook,#Euphoria #LiveMusic,15,30,USA,2021,6,19,14,Happiness
127,Contentment in the simplicity of a quiet Sunday.,Contentment,15/08/2010 10:00,SimpleJoys,Twitter,#Contentment #SundayMood,30,60,Australia,2010,8,15,10,Contentment
128,Serenity found in the pages of a favorite book.,Serenity,22/09/2011 20:00,BookLover3,Instagram,#Serenity #BookTime,22,45,UK,2011,9,22,19,Contentment
129,Gratitude for the support received during tough times.,Gratitude,10/03/2012 9:00,SupportiveFriend,Facebook,#Gratitude #Supportive,15,30,India,2012,3,10,8,Gratitude
130,Hopeful about the possibilities of a new journey.,Hope,05/12/2013 16:00,JourneyOptimist,Twitter,#Hope #NewBeginnings,18,35,Canada,2013,12,5,16,Hope
131,Empowerment through learning and personal growth.,Empowerment,20/07/2014 12:00,GrowthSeeker,Instagram,#Empowerment #PersonalGrowth,25,50,USA,2014,7,20,11,Empowerment
132,Compassion towards those in need during the holidays.,Compassion,22/12/2015 14:00,HolidayHelper,Facebook,#Compassion #HolidaySupport,18,35,USA,2015,12,22,14,Compassion
133,Tenderness in the warmth of a cozy winter evening.,Tenderness,10/02/2016 20:00,WinterWarmth,Twitter,#Tenderness #CozyEvening,25,50,UK,2016,2,10,19,Love
134,Arousal of excitement for an upcoming adventure.,Arousal,30/04/2017 12:00,AdventureAwaits,Instagram,#Arousal #AdventureTime,20,40,Australia,2017,4,30,11,Excitement
135,Enthusiasm for a creative project in the making.,Enthusiasm,15/09/2018 16:00,CreativeSpirit,Facebook,#Enthusiasm #Creativity,15,30,Canada,2018,9,15,16,Excitement
136,Fulfillment in completing a challenging workout routine.,Fulfillment,28/06/2019 18:00,FitnessAchiever,Twitter,#Fulfillment #FitnessGoals,22,45,India,2019,6,28,18,Accomplishment
137,Reverence for the artistry displayed in a museum.,Reverence,11/11/2020 15:00,ArtAppreciator,Instagram,#Reverence #ArtAppreciation,18,35,UK,2020,11,11,15,Curiosity/Awe
138,Elation after achieving a personal goal.,Elation,02/03/2021 9:00,GoalAchiever2,Facebook,#Elation #PersonalAchievement,25,50,USA,2021,3,2,9,Happiness
139,Elation over discovering a hidden gem in the city.,Elation,18/02/2012 15:00,UrbanExplorer2,Twitter,#Elation #HiddenGem,20,40,USA,2012,2,18,14,Happiness
140,The euphoria of a surprise birthday celebration.,Euphoria,05/11/2018 22:00,BirthdayJoy,Instagram,#Euphoria #BirthdaySurprise,15,30,UK,2018,11,5,21,Happiness
141,Contentment in the simplicity of a home-cooked meal.,Contentment,12/09/2015 13:00,HomeChef,Facebook,#Contentment #HomeCooking,25,50,India,2015,9,12,13,Contentment
142,Serenity found in the melody of a peaceful piano.,Serenity,30/07/2016 18:00,MusicLover4,Twitter,#Serenity #PeacefulMelody,18,35,Canada,2016,7,30,18,Contentment
143,Gratitude for the supportive community around me.,Gratitude,20/04/2013 11:00,CommunityLove,Instagram,#Gratitude #CommunitySupport,30,60,USA,2013,4,20,10,Gratitude
144,Hopeful about the prospects of a new business venture.,Hope,08/12/2017 19:00,EntrepreneurHope,Facebook,#Hope #BusinessVenture,22,45,Canada,2017,12,8,19,Hope
145,Empowerment through mentoring and guiding others.,Empowerment,03/06/2014 8:00,MentorEmpower,Twitter,#Empowerment #Mentorship,15,30,UK,2014,6,3,8,Empowerment
146,Compassion shown through acts of kindness in the community.,Compassion,15/01/2019 15:00,KindnessInAction,Instagram,#Compassion #CommunityKindness,18,35,Australia,2019,1,15,14,Compassion
147,Tenderness in a heartfelt message to a loved one.,Tenderness,25/12/2016 20:00,LoveExpress,Facebook,#Tenderness #LoveNote,25,50,UK,2016,12,25,19,Love
148,Arousal of excitement before a much-awaited trip.,Arousal,10/03/2018 10:00,TravelExcitement,Twitter,#Arousal #TravelAdventure,20,40,India,2018,3,10,9,Excitement
149,Enthusiasm for a new artistic project in the works.,Enthusiasm,17/09/2020 17:00,ArtisticSpirit,Instagram,#Enthusiasm #ArtisticProject,15,30,USA,2020,9,17,16,Excitement
150,Feeling a sense of fulfillment after helping others.,Fulfillment,28/08/2011 19:00,HelperHeart,Facebook,#Fulfillment #HelpingOthers,22,45,Canada,2011,8,28,18,Accomplishment
151,Reverence for the historical significance of a landmark.,Reverence,01/11/2017 15:00,HistoryBuff,Twitter,#Reverence #HistoricalSite,18,35,Australia,2017,11,1,15,Curiosity/Awe
152,Elation after achieving a fitness milestone.,Elation,15/06/2019 10:00,FitnessAchiever2,Instagram,#Elation #FitnessMilestone,25,50,UK,2019,6,15,10,Happiness
153,The euphoria of a successful product launch.,Euphoria,03/04/2022 12:00,ProductLaunchJoy,Facebook,#Euphoria #ProductLaunchSuccess,15,30,USA,2022,4,3,11,Happiness
154,Contentment in the embrace of a loved one.,Contentment,12/11/2010 20:00,LovingEmbrace,Twitter,#Contentment #Love,30,60,India,2010,11,12,20,Contentment
155,Serenity found in the beauty of a sunset by the sea.,Serenity,22/07/2011 18:00,SunsetWatcher2,Instagram,#Serenity #SunsetViews,22,45,Canada,2011,7,22,18,Contentment
156,Gratitude for the small joys that each day brings.,Gratitude,30/03/2012 11:00,JoyfulHeart2,Facebook,#Gratitude #SmallJoys,15,30,Australia,2012,3,30,11,Gratitude
157,Hopeful about the potential for personal growth.,Hope,05/10/2013 17:00,GrowthOptimist,Twitter,#Hope #PersonalDevelopment,18,35,UK,2013,10,5,16,Hope
158,Empowerment through learning a new skill.,Empowerment,10/07/2014 13:00,SkillEmpower,Instagram,#Empowerment #SkillBuilding,25,50,India,2014,7,10,13,Empowerment
159,Compassion in volunteering for a local charity.,Compassion,18/12/2015 14:00,CharityVolunteer,Facebook,#Compassion #VolunteerWork,18,35,USA,2015,12,18,14,Compassion
160,Tenderness in a quiet moment shared with a pet.,Tenderness,10/02/2016 20:00,PetLove,Twitter,#Tenderness #PetLove,25,50,Canada,2016,2,10,19,Love
161,Arousal of excitement for an upcoming festival.,Arousal,25/09/2017 12:00,FestivalFan,Instagram,#Arousal #FestivalExcitement,20,40,UK,2017,9,25,11,Excitement
162,Enthusiasm for a DIY home improvement project.,Enthusiasm,15/04/2018 16:00,DIYEnthusiast,Facebook,#Enthusiasm #HomeImprovement,15,30,Australia,2018,4,15,16,Excitement
163,Fulfillment in completing a challenging puzzle.,Fulfillment,28/11/2019 18:00,PuzzleMaster,Twitter,#Fulfillment #PuzzleChallenge,22,45,India,2019,11,28,18,Accomplishment
164,Reverence for the wonders of nature on a hiking trail.,Reverence,11/05/2020 15:00,NatureAdmirer,Instagram,#Reverence #NatureExploration,18,35,USA,2020,5,11,15,Curiosity/Awe
165,Elation after a surprise reunion with a childhood friend.,Elation,05/02/2021 9:00,ChildhoodJoy,Facebook,#Elation #FriendshipReunion,25,50,Canada,2021,2,5,9,Happiness
166,Suffering from despair after another setback.,Despair,10/03/2021 9:00,StrugglingSoul,Twitter,#Despair #Struggle,5,10,USA,2021,3,10,8,Sadness
167,"Overwhelmed by grief, missing a loved one dearly.",Grief,05/07/2022 16:00,MourningHeart,Instagram,#Grief #Loss,8,15,Canada,2022,7,5,15,Sadness
168,Loneliness creeps in as the night grows colder.,Loneliness,18/11/2019 21:00,SolitarySoul,Facebook,#Loneliness #Isolation,10,20,UK,2019,11,18,21,Loneliness
169,Jealousy consumes me as I witness others' success.,Jealousy,12/08/2020 12:00,EnviousObserver,Twitter,#Jealousy #Envy,12,25,India,2020,8,12,11,Jealousy/Envy
170,Resentment building up over past betrayals.,Resentment,22/05/2018 15:00,BitterHeart,Instagram,#Resentment #Bitterness,7,15,Australia,2018,5,22,14,Resentment
171,Frustration mounts as obstacles block my path.,Frustration,30/01/2017 16:00,BlockedGoals,Facebook,#Frustration #Obstacles,10,20,USA,2017,1,30,16,Frustration
172,"Boredom sets in, the day feels endlessly dull.",Boredom,28/09/2016 20:00,BoredMind,Twitter,#Boredom #LackOfInterest,8,15,Canada,2016,9,28,19,Boredom
173,"Anxiety grips my heart, worry clouds my thoughts.",Anxiety,15/04/2019 9:00,WorriedMind,Instagram,#Anxiety #Worry,12,25,UK,2019,4,15,9,Fear/Anxiety
174,Intimidation by the unknown future ahead.,Intimidation,03/12/2021 18:00,FearfulSoul,Facebook,#Intimidation #Fear,15,30,India,2021,12,3,18,Fear/Anxiety
175,Helplessness sinks in as challenges pile up.,Helplessness,20/06/2020 14:00,OverwhelmedHeart,Twitter,#Helplessness #Overwhelmed,8,15,Australia,2020,6,20,14,Fear/Anxiety
176,Envy eats away at me as I see others' prosperity.,Envy,07/11/2018 12:00,CovetousMind,Instagram,#Envy #Desire,10,20,Canada,2018,11,7,11,Jealousy/Envy
177,Regret over missed opportunities haunts my thoughts.,Regret,25/08/2017 16:00,RemorsefulSoul,Facebook,#Regret #MissedChances,12,25,UK,2017,8,25,16,Regret
178,Disgust at the sight of injustice and cruelty.,Disgust,11/02/2019 10:00,DisgustedHeart,Twitter,#Disgust #Injustice,7,15,India,2019,2,11,9,Disgust
179,"Drowning in despair, hope slipping through my fingers.",Despair,02/04/2016 20:00,HopelessHeart,Instagram,#Despair #Hopeless,10,20,USA,2016,4,2,20,Sadness
180,"Grief weighs heavy, tears a constant companion.",Grief,18/10/2015 15:00,TearfulSoul,Facebook,#Grief #Tears,12,25,Canada,2015,10,18,15,Sadness
181,"Loneliness in a crowded room, a silent cry for connection.",Loneliness,12/07/2019 18:00,IsolatedMind,Twitter,#Loneliness #SeekingConnection,15,30,UK,2019,7,12,18,Loneliness
182,"Jealousy gnaws at my confidence, a toxic emotion.",Jealousy,03/06/2018 17:00,SelfDoubt,Instagram,#Jealousy #Insecurity,8,15,India,2018,6,3,16,Jealousy/Envy
183,"Resentment festers, poisoning relationships.",Resentment,15/01/2022 12:00,BrokenTrust,Facebook,#Resentment #BrokenTrust,10,20,Australia,2022,1,15,12,Resentment
184,"Frustration boils over, a volcanic eruption of emotions.",Frustration,10/04/2017 15:00,ExplosiveMind,Twitter,#Frustration #EmotionalOutburst,12,25,USA,2017,4,10,14,Frustration
185,"Boredom settles like dust, life feels mundane.",Boredom,28/11/2016 19:00,MundaneHeart,Instagram,#Boredom #Monotony,7,15,Canada,2016,11,28,19,Boredom
186,"Anxiety grips my chest, a relentless grip on my thoughts.",Anxiety,05/09/2018 9:00,RestlessMind,Facebook,#Anxiety #Restlessness,10,20,UK,2018,9,5,9,Fear/Anxiety
187,"Intimidation by the challenges ahead, fear takes hold.",Intimidation,22/10/2021 18:00,FearfulJourney,Twitter,#Intimidation #FacingFear,15,30,India,2021,10,22,18,Fear/Anxiety
188,"Helplessness engulfs me, drowning in a sea of problems.",Helplessness,08/05/2019 14:00,OverwhelmedSoul,Instagram,#Helplessness #Struggling,8,15,Australia,2019,5,8,14,Fear/Anxiety
189,"Envy poisons my thoughts, coveting others' success.",Envy,20/03/2017 12:00,GreenEyedMonster,Facebook,#Envy #Success,10,20,Canada,2017,3,20,11,Jealousy/Envy
190,Regret for decisions that led to a painful present.,Regret,15/12/2018 16:00,RegretfulMind,Twitter,#Regret #PastChoices,12,25,USA,2018,12,15,16,Regret
191,Disgust at the corruption that stains society.,Disgust,01/07/2016 10:00,CorruptedHeart,Instagram,#Disgust #Corruption,7,15,UK,2016,7,1,9,Disgust
192,"Sinking in despair, each day darker than the last.",Despair,20/08/2020 20:00,DrowningSoul,Facebook,#Despair #DarkDays,10,20,India,2020,8,20,20,Sadness
193,"Grief overwhelms, a storm of emotions within.",Grief,25/02/2021 15:00,StormyHeart,Twitter,#Grief #EmotionalStorm,12,25,Canada,2021,2,25,15,Sadness
194,"Loneliness echoes in empty spaces, yearning for connection.",Loneliness,12/09/2019 18:00,EchoingSoul,Instagram,#Loneliness #YearningForConnection,15,30,Australia,2019,9,12,18,Loneliness
195,"Jealousy poisons my thoughts, resentment brewing within.",Jealousy,05/08/2018 17:00,PoisonedMind,Facebook,#Jealousy #Resentment,8,15,USA,2018,8,5,16,Jealousy/Envy
196,"Resentment festers, a wound that refuses to heal.",Resentment,12/01/2017 12:00,UnforgivingSoul,Twitter,#Resentment #Unforgiving,10,20,India,2017,1,12,12,Resentment
197,"Frustration escalates, a thunderstorm of emotions.",Frustration,05/04/2022 15:00,ThunderingMind,Instagram,#Frustration #EmotionalOutburst,12,25,UK,2022,4,5,14,Frustration
198,"Boredom lingers, a stagnant pool of indifference.",Boredom,02/10/2021 19:00,StagnantHeart,Facebook,#Boredom #Stagnation,7,15,Canada,2021,10,2,19,Boredom
199,"Embarking on a journey of discovery, fueled by curiosity and a thirst for knowledge.",Curiosity,15/04/2023 10:00,InquisitiveMind,Twitter,#Curiosity #Learning,15,30,USA,2023,4,15,10,Curiosity/Awe
200,"Lost in the vast sea of information, an indifferent wave in the digital ocean.",Indifference,28/11/2022 18:00,ApatheticObserver,Instagram,#Indifference #DigitalOverload,7,15,Canada,2022,11,28,17,Neutral
201,"The complex puzzle of life leaves me in a state of perpetual confusion, seeking answers in the chaos.",Confusion,02/04/2020 10:00,SeekingClarity,Facebook,#Confusion #LifePuzzle,10,20,UK,2020,4,2,9,Neutral
202,"A numbness settles over me, a shield against the overwhelming emotions life throws my way.",Numbness,10/08/2021 14:00,EmotionallyDistant,Twitter,#Numbness #EmotionalShield,8,15,India,2021,8,10,14,Neutral
203,"Gazing at the sunset, a melancholic longing for moments that slip through the fingers of time.",Melancholy,18/06/2019 21:00,SunsetDreamer,Instagram,#Melancholy #SunsetMoments,12,25,Australia,2019,6,18,20,Reflective
204,"Revisiting old photographs, caught in the embrace of nostalgia's bittersweet symphony.",Nostalgia,05/02/2018 15:00,MemoryLaneTraveler,Facebook,#Nostalgia #MemoryLane,10,20,USA,2018,2,5,15,Reflective
205,"Torn between conflicting emotions, an ambivalence that paints my decisions in shades of uncertainty.",Ambivalence,30/05/2022 12:00,MixedFeelings,Twitter,#Ambivalence #UncertainChoices,12,25,Canada,2022,5,30,11,Reflective
206,"Embracing the ebb and flow of life, finding acceptance in the dance of existence.",Acceptance,10/01/2023 16:00,ZenLifestyle,Instagram,#Acceptance #LifeJourney,15,30,UK,2023,1,10,16,Reflective
207,"Facing challenges head-on, a determination that fuels the fire within to achieve the impossible.",Determination,18/09/2020 14:00,ResilientSpirit,Facebook,#Determination #AchieveTheImpossible,10,20,India,2020,9,18,13,Accomplishment
208,"Serenity found in the stillness of nature, a tranquil retreat from the chaos of the modern world.",Serenity,03/07/2021 19:00,NatureSoul,Twitter,#Serenity #NatureRetreat,12,25,Australia,2021,7,3,19,Contentment
209,"Curiosity leading me down the rabbit hole of knowledge, a perpetual student in life's classroom.",Curiosity,08/10/2022 8:00,EternalLearner,Instagram,#Curiosity #KnowledgeQuest,20,40,USA,2022,10,8,8,Curiosity/Awe
210,"Floating through the day with an air of indifference, detached from the mundane happenings around.",Indifference,22/03/2023 17:00,AloofObserver,Facebook,#Indifference #FloatingThroughLife,10,20,Canada,2023,3,22,16,Neutral
211,"Entangled in the web of thoughts, confusion reigning as I navigate the labyrinth of ideas.",Confusion,15/05/2021 12:00,ThoughtExplorer,Twitter,#Confusion #ThoughtLabyrinth,15,30,UK,2021,5,15,11,Neutral
212,"Numb to the chaos, emotions locked away, a stoic facade concealing the inner turmoil.",Numbness,28/12/2019 15:00,StoicSoul,Instagram,#Numbness #StoicFacade,8,15,Australia,2019,12,28,14,Neutral
213,"Melancholy whispers in the breeze, a silent conversation with the echoes of forgotten dreams.",Melancholy,01/03/2020 19:00,DreamerInSilence,Facebook,#Melancholy #WhispersInTheBreeze,12,25,India,2020,3,1,19,Reflective
214,"Stumbling upon an old journal, nostalgia flooding in waves, carrying me to moments long gone.",Nostalgia,10/07/2018 16:00,JournalKeeper,Twitter,#Nostalgia #JournalMoments,10,20,Canada,2018,7,10,15,Reflective
215,"A tapestry of conflicting feelings, weaving through uncertainty, caught in the threads of ambivalence.",Ambivalence,05/01/2022 11:00,ThreadWeaver,Instagram,#Ambivalence #ConflictingFeelings,12,25,UK,2022,1,5,10,Reflective
216,"Embracing the flaws, finding acceptance in imperfection, a journey towards self-love.",Acceptance,20/08/2021 16:00,SelfLoveAdvocate,Facebook,#Acceptance #SelfLoveJourney,15,30,Australia,2021,8,20,16,Reflective
217,"Determination burning like a wildfire, overcoming obstacles, turning dreams into reality.",Determination,03/11/2019 14:00,DreamChaser,Twitter,#Determination #DreamsIntoReality,18,35,USA,2019,11,3,13,Accomplishment
218,"Tranquil moments by the ocean, serenity washing over, a peaceful retreat within the waves' embrace.",Serenity,12/04/2020 20:00,OceanSoul,Instagram,#Serenity #OceanRetreat,25,50,Canada,2020,4,12,19,Contentment
219,"Exploring new horizons with the spark of curiosity, an adventurer in the vast landscape of knowledge.",Curiosity,15/04/2022 9:00,HorizonExplorer,Facebook,#Curiosity #NewHorizons,22,45,India,2022,4,15,8,Curiosity/Awe
220,"Drifting through the day with a nonchalant demeanor, embracing the art of indifference.",Indifference,10/02/2023 17:00,NonchalantSpirit,Twitter,#Indifference #DriftingThroughLife,9,18,UK,2023,2,10,17,Neutral
221,"Wrestling with thoughts, a perplexed mind lost in the labyrinth of life's complexities.",Confusion,05/08/2020 12:00,ComplexThinker,Instagram,#Confusion #PerplexedMind,14,28,Australia,2020,8,5,12,Neutral
222,"Immersed in a state of emotional numbness, a shield against the storm of daily struggles.",Numbness,01/12/2021 15:00,ShieldedHeart,Facebook,#Numbness #EmotionalShield,10,20,USA,2021,12,1,15,Neutral
223,"A melancholic symphony playing in the background, the soundtrack of a wistful heart.",Melancholy,25/03/2019 21:00,SymphonySoul,Twitter,#Melancholy #WistfulHeart,13,26,Canada,2019,3,25,21,Reflective
224,"Flipping through the pages of an old yearbook, nostalgia painting smiles and tears on my face.",Nostalgia,18/06/2017 15:00,YearbookExplorer,Instagram,#Nostalgia #YearbookMemories,12,25,India,2017,6,18,14,Reflective
225,"Torn between opposing emotions, an ambivalence that colors my decisions with shades of uncertainty.",Ambivalence,08/07/2022 12:00,DecisiveDilemma,Facebook,#Ambivalence #ShadesOfUncertainty,15,30,Australia,2022,7,8,11,Reflective
226,"Embracing life's imperfections, finding acceptance in the journey, scars and all.",Acceptance,15/05/2023 16:00,ImperfectHarmony,Twitter,#Acceptance #ImperfectJourney,18,36,Canada,2023,5,15,16,Reflective
227,"A fiery determination burning within, fueled by the vision of reaching unparalleled heights.",Determination,10/09/2021 15:00,VisionarySpirit,Instagram,#Determination #UnparalleledHeights,20,40,UK,2021,9,10,14,Accomplishment
228,"Basking in the serenity of a quiet forest, where the whispers of nature bring peace to the soul.",Serenity,28/02/2020 18:00,ForestDreamer,Facebook,#Serenity #NatureWhispers,25,50,USA,2020,2,28,18,Contentment
231,"Indifferent to the noise of the world, a silent observer in the midst of life's cacophony.",Indifference,10/03/2023 17:00,SilentSpectator,Instagram,#Indifference #SilentObserver,9,18,India,2023,3,10,16,Neutral
232,"Navigating through the labyrinth of thoughts, confusion a constant companion in the maze of ideas.",Confusion,02/05/2021 12:00,MazeNavigator,Facebook,#Confusion #ThoughtLabyrinth,14,28,Australia,2021,5,2,11,Neutral
233,"An impenetrable numbness shields me from the emotional storms, a fortress of stoic resilience.",Numbness,18/10/2019 15:00,ResilientFortress,Twitter,#Numbness #StoicResilience,11,22,UK,2019,10,18,14,Neutral
234,"Melancholy painting the world in hues of nostalgia, a canvas of bittersweet memories.",Melancholy,05/01/2020 20:00,CanvasDreamer,Instagram,#Melancholy #BittersweetMemories,13,26,USA,2020,1,5,20,Reflective
235,"A journey into the past, flipping through the pages of an old diary, nostalgia taking the lead.",Nostalgia,10/08/2018 16:00,DiaryExplorer,Facebook,#Nostalgia #DiaryJourney,12,25,Canada,2018,8,10,15,Reflective
236,"Ambivalence clouding decisions, caught in the crossroads of conflicting emotions.",Ambivalence,15/01/2022 11:00,CrossroadsTraveler,Twitter,#Ambivalence #ConflictingEmotions,15,30,India,2022,1,15,10,Reflective
237,"Embracing imperfections, finding acceptance in the mosaic of life's beautiful chaos.",Acceptance,20/07/2021 16:00,MosaicDreamer,Instagram,#Acceptance #BeautifulChaos,18,36,Australia,2021,7,20,16,Reflective
238,"Determination as the driving force, propelling me forward on the path to extraordinary achievements.",Determination,03/12/2019 14:00,PathfinderSpirit,Facebook,#Determination #ExtraordinaryPath,20,40,USA,2019,12,3,13,Accomplishment
239,"Seeking serenity in the melody of raindrops, a tranquil escape from the noise of everyday life.",Serenity,12/04/2020 20:00,RaindropHarmony,Twitter,#Serenity #RaindropMelody,25,50,Canada,2020,4,12,19,Contentment
240,"Curiosity driving the exploration of the unknown, a seeker of knowledge in uncharted territories.",Curiosity,08/05/2022 9:00,SeekerOfUnknowns,Instagram,#Curiosity #SeekerOfKnowledge,22,45,UK,2022,5,8,8,Curiosity/Awe
241,"Drifting through the day with an air of nonchalance, indifferent to the trivialities of life.",Indifference,22/02/2023 17:00,NonchalantWanderer,Facebook,#Indifference #DriftingThroughLife,9,18,India,2023,2,22,17,Neutral
242,"Lost in the labyrinth of thoughts, confusion casting shadows on the quest for clarity.",Confusion,05/06/2020 12:00,ShadowedSeeker,Twitter,#Confusion #LabyrinthOfThoughts,14,28,Australia,2020,6,5,12,Neutral
243,"Wrapped in the cloak of emotional numbness, a shield against the storms of life's turbulence.",Numbness,30/11/2021 15:00,TurbulentShield,Instagram,#Numbness #EmotionalStorms,10,20,Canada,2021,11,30,15,Neutral
244,"Melancholy as a companion, painting the canvas of life with the brushstrokes of wistful yearning.",Melancholy,25/02/2019 21:00,WistfulPainter,Facebook,#Melancholy #WistfulYearning,13,26,UK,2019,2,25,21,Reflective
245,"Leafing through the pages of an old photo album, nostalgia weaving tales of laughter and tears.",Nostalgia,18/05/2017 15:00,TaleWeaver,Twitter,#Nostalgia #PhotoAlbumStories,12,25,USA,2017,5,18,14,Reflective
246,"Ambivalence in the air, caught between the crossroads of conflicting emotions and decisions.",Ambivalence,05/08/2022 12:00,CrossroadsExplorer,Instagram,#Ambivalence #CrossroadsConfusion,15,30,Canada,2022,8,5,11,Reflective
247,"Embracing the beauty in imperfections, finding acceptance in the mosaic of life's unpredictable art.",Acceptance,15/06/2023 16:00,MosaicArtist,Facebook,#Acceptance #UnpredictableArt,18,36,Australia,2023,6,15,16,Reflective
248,"Determination ablaze, forging a path through challenges, sculpting dreams into tangible realities.",Determination,10/10/2021 15:00,DreamSculptor,Twitter,#Determination #SculptingDreams,20,40,UK,2021,10,10,14,Accomplishment
249,"Immerse in the serenity of a moonlit night, where the quiet whispers of nature bring peace to the soul.",Serenity,12/05/2020 20:00,MoonlitSoul,Instagram,#Serenity #MoonlitPeace,25,50,USA,2020,5,12,19,Contentment
250,"Fueled by curiosity, venturing into uncharted realms, a fearless explorer of the mysteries of the world.",Curiosity,01/12/2022 9:00,FearlessExplorer,Facebook,#Curiosity #FearlessExplorer,22,44,India,2022,12,1,9,Curiosity/Awe
251,"Wrapped in the cloak of emotional numbness, a shield against the storms of life's turbulence.",Numbness,30/11/2021 15:00,TurbulentShield,Instagram,#Numbness #EmotionalStorms,10,20,Canada,2021,11,30,15,Neutral
252,"Dancing through life with the exuberance of a carefree spirit, embracing joy and zest at every turn.",Zest,12/07/2018 18:00,JoyfulDancer,Twitter,#Zest #CarefreeSpirit,15,30,USA,2018,7,12,17,Excitement
253,"Basking in the golden glow of contentment, a serene river flowing through the landscape of the heart.",Contentment,05/09/2020 20:00,SereneBasker,Facebook,#Contentment #GoldenGlow,18,36,Australia,2020,9,5,20,Contentment
254,"Gazing towards the horizon with hopeful eyes, painting a canvas of dreams illuminated by the sun of optimism.",Hopeful,18/04/2022 8:00,DreamPainter,Instagram,#Hopeful #CanvasOfDreams,12,24,India,2022,4,18,8,Hope
255,"Standing tall, proud as an oak, the branches of achievement reaching towards the sky of accomplishment.",Proud,10/12/2019 12:00,OakAchiever,Twitter,#Proud #BranchesOfAchievement,25,50,Canada,2019,12,10,12,Pride
256,"A heart overflowing with gratitude, a garden where appreciation blooms in the soil of kindness and connection.",Grateful,28/02/2023 10:00,HeartGardener,Facebook,#Grateful #BlossomingConnection,20,40,USA,2023,2,28,9,Gratitude
257,"Extending a hand, empathetic threads weaving a tapestry of understanding, embracing the joys and sorrows of others.",Empathetic,03/04/2018 14:00,ThreadWeaver,Instagram,#Empathetic #TapestryOfUnderstanding,15,30,UK,2018,4,3,14,Compassion
258,"Compassionate clouds, heavy with care, showering empathy on the parched grounds of human suffering.",Compassionate,20/06/2022 11:00,CloudCaretaker,Twitter,#Compassionate #ShowerOfEmpathy,18,36,Australia,2022,6,20,10,Compassion
259,"Playfully dancing in the rain of laughter, a whimsical spirit twirling in the puddles of joy and lightheartedness.",Playful,08/07/2020 18:00,RainDancer,Facebook,#Playful #DanceInTheRain,22,44,Canada,2020,7,8,18,Amusement
260,"Soaring on the wings of a free spirit, unburdened by the chains of conformity, painting the sky with independence.",Free-spirited,15/08/2021 11:00,SkyPainter,Instagram,#FreeSpirit #PaintingTheSky,20,40,India,2021,8,15,11,Empowerment
261,"Bathed in the glow of inspiration, a creative phoenix rising from the ashes of ordinary thoughts to explore new realms.",Inspired,25/10/2019 17:00,PhoenixExplorer,Twitter,#Inspired #CreativePhoenix,15,30,UK,2019,10,25,16,Empowerment
262,"Navigating the sea of hope, sailing towards the sunrise of possibilities, confident in the ship of positive anticipation.",Hopeful,05/10/2023 8:00,SunriseNavigator,Facebook,#Hopeful #SunriseOfPossibilities,12,24,USA,2023,10,5,7,Hope
263,"Striding with confidence, footprints of self-assuredness imprinted on the sands of challenges conquered and victories claimed.",Confident,15/02/2022 13:00,SandStrider,Instagram,#Confident #FootprintsOfAssuredness,25,50,Australia,2022,2,15,13,Empowerment
264,"Lost in the symphony of the night, a moonlit serenade that whispers tales of wanderlust and moonlit dreams.",Serenity,08/05/2021 22:00,NightSerenader,Twitter,#Serenity #MoonlitSerenade,13,26,Canada,2021,5,8,22,Contentment
265,"Unveiling the layers of curiosity, a labyrinth of questions leading to the treasure troves of undiscovered knowledge.",Curiosity,29/11/2020 15:00,KnowledgeSeeker,Instagram,#Curiosity #LabyrinthOfQuestions,17,34,USA,2020,11,29,14,Curiosity/Awe
266,"In the embrace of the autumn breeze, leaves of ambivalence dancing in a waltz between choices and uncertainties.",Ambivalence,14/09/2019 10:00,BreezeWaltzer,Facebook,#Ambivalence #AutumnWaltz,14,28,UK,2019,9,14,10,Reflective
267,"Gratitude as a guiding star, navigating the constellation of blessings in the vast universe of life's precious moments.",Grateful,12/03/2022 20:00,StarNavigator,Twitter,#Grateful #GuidingStar,19,38,Australia,2022,3,12,19,Gratitude
268,"With a zestful heart, sprinting through fields of enthusiasm, chasing sunbeams and laughter in the meadows of joy.",Zest,30/03/2023 17:00,MeadowSprinter,Instagram,#Zest #FieldsOfEnthusiasm,16,32,India,2023,3,30,16,Excitement
269,"A compassionate rain, tears of empathy falling gently, nurturing the seeds of kindness in the garden of human connections.",Compassionate,01/07/2021 12:00,RainNurturer,Facebook,#Compassionate #TearsOfEmpathy,21,42,Canada,2021,7,1,12,Compassion
270,"Proudly scaling the peaks of achievement, a mountaineer conquering challenges and planting the flag of success.",Proud,05/01/2020 9:00,PeakConqueror,Twitter,#Proud #ScalingPeaks,23,46,USA,2020,1,5,8,Pride
271,"Embraced by the hopeful dawn, a gardener sowing seeds of optimism, tending to the blooms of a brighter tomorrow.",Hopeful,17/07/2022 6:00,DawnGardener,Instagram,#Hopeful #SeedsOfOptimism,14,28,UK,2022,7,17,6,Hope
272,"A playful escapade in the carnival of life, carousel laughter and cotton candy dreams swirling in the joyous atmosphere.",Playful,22/08/2018 17:00,CarnivalDreamer,Facebook,#Playful #CarnivalEscapade,24,48,Australia,2018,8,22,17,Amusement
273,"Floating on clouds of inspiration, an artist painting the sky with strokes of creativity, creating a masterpiece of dreams.",Inspired,08/12/2021 15:00,SkyArtist,Twitter,#Inspired #CloudsOfCreativity,18,36,India,2021,12,8,14,Empowerment
274,"Navigating the river of contentment, a serene boat cruise through the tranquil waters of inner peace and acceptance.",Contentment,27/04/2019 10:00,RiverNavigator,Instagram,#Contentment #TranquilWaters,20,40,Canada,2019,4,27,9,Contentment
275,"With empathy as a lantern, wandering through the dark alleys of sorrow, illuminating the path with compassion and care.",Empathetic,03/09/2023 22:00,LanternWanderer,Facebook,#Empathetic #LanternOfCompassion,16,32,USA,2023,9,3,21,Compassion
276,"A free spirit soaring on the wings of dreams, leaving trails of independence in the azure sky of boundless possibilities.",Free-spirited,10/06/2020 10:00,DreamSoarer,Twitter,#FreeSpirit #WingsOfDreams,22,44,UK,2020,6,10,10,Empowerment
277,"Bathed in the golden hues of gratefulness, a sunset of appreciation casting its warm glow on the landscapes of the heart.",Grateful,01/04/2022 18:00,SunsetAdmirer,Instagram,#Grateful #GoldenHues,19,38,Australia,2022,4,1,18,Gratitude
278,"Confident strides in the dance of life, a ballroom where self-assuredness leads, twirling through challenges with grace.",Confident,15/01/2021 13:00,DanceStrider,Facebook,#Confident #DanceOfLife,23,46,Canada,2021,1,15,13,Empowerment
279,"Hopeful whispers of wind, carrying the promises of a brighter tomorrow, a symphony of optimism in the air of possibilities.",Hopeful,06/05/2023 7:00,WindWhisperer,Twitter,#Hopeful #BrighterTomorrows,15,30,India,2023,5,6,7,Hope
280,"Playfully juggling responsibilities, a circus performer balancing the acts of work and joy, tossing laughter into the air.",Playful,18/11/2019 15:00,JugglingArtist,Instagram,#Playful #JugglingResponsibilities,25,50,USA,2019,11,18,15,Amusement
281,"Whispering tales of inspiration to the stars, a storyteller crafting constellations from the threads of imagination.",Inspired,29/08/2020 21:00,StarStoryteller,Facebook,#Inspired #TalesToTheStars,14,28,UK,2020,8,29,20,Empowerment
282,"Charting a course through the waves of hopeful anticipation, a sailor steering towards the shores of dreams yet unexplored.",Hopeful,30/10/2022 12:00,WaveNavigator,Twitter,#Hopeful #SailorOfDreams,17,34,Australia,2022,10,30,11,Hope
283,"A compassionate rain, tears of empathy falling gently, nurturing the seeds of kindness in the garden of human connections.",Compassionate,01/07/2021 12:00,RainNurturer,Instagram,#Compassionate #TearsOfEmpathy,21,42,Canada,2021,7,1,12,Compassion
284,"Proudly scaling the peaks of achievement, a mountaineer conquering challenges and planting the flag of success.",Proud,05/01/2020 9:00,PeakConqueror,Twitter,#Proud #ScalingPeaks,23,46,USA,2020,1,5,8,Pride
285,"Embraced by the hopeful dawn, a gardener sowing seeds of optimism, tending to the blooms of a brighter tomorrow.",Hopeful,17/07/2022 6:00,DawnGardener,Instagram,#Hopeful #SeedsOfOptimism,14,28,UK,2022,7,17,6,Hope
286,"A playful escapade in the carnival of life, carousel laughter and cotton candy dreams swirling in the joyous atmosphere.",Playful,22/08/2018 17:00,CarnivalDreamer,Facebook,#Playful #CarnivalEscapade,24,48,Australia,2018,8,22,17,Amusement
287,"Floating on clouds of inspiration, an artist painting the sky with strokes of creativity, creating a masterpiece of dreams.",Inspired,08/12/2021 15:00,SkyArtist,Twitter,#Inspired #CloudsOfCreativity,18,36,India,2021,12,8,14,Empowerment
288,"Navigating the river of contentment, a serene boat cruise through the tranquil waters of inner peace and acceptance.",Contentment,27/04/2019 10:00,RiverNavigator,Instagram,#Contentment #TranquilWaters,20,40,Canada,2019,4,27,9,Contentment
289,"With empathy as a lantern, wandering through the dark alleys of sorrow, illuminating the path with compassion and care.",Empathetic,03/09/2023 22:00,LanternWanderer,Facebook,#Empathetic #LanternOfCompassion,16,32,USA,2023,9,3,21,Compassion
290,"A free spirit soaring on the wings of dreams, leaving trails of independence in the azure sky of boundless possibilities.",Free-spirited,10/06/2020 10:00,DreamSoarer,Twitter,#FreeSpirit #WingsOfDreams,22,44,UK,2020,6,10,10,Empowerment
291,"Bathed in the golden hues of gratefulness, a sunset of appreciation casting its warm glow on the landscapes of the heart.",Grateful,01/04/2022 18:00,SunsetAdmirer,Instagram,#Grateful #GoldenHues,19,38,Australia,2022,4,1,18,Gratitude
292,"Confident strides in the dance of life, a ballroom where self-assuredness leads, twirling through challenges with grace.",Confident,15/01/2021 13:00,DanceStrider,Facebook,#Confident #DanceOfLife,23,46,Canada,2021,1,15,13,Empowerment
293,"Hopeful whispers of wind, carrying the promises of a brighter tomorrow, a symphony of optimism in the air of possibilities.",Hopeful,06/05/2023 7:00,WindWhisperer,Twitter,#Hopeful #BrighterTomorrows,15,30,India,2023,5,6,7,Hope
294,"Playfully juggling responsibilities, a circus performer balancing the acts of work and joy, tossing laughter into the air.",Playful,18/11/2019 15:00,JugglingArtist,Instagram,#Playful #JugglingResponsibilities,25,50,USA,2019,11,18,15,Amusement
295,"Whispering tales of inspiration to the stars, a storyteller crafting constellations from the threads of imagination.",Inspired,29/08/2020 21:00,StarStoryteller,Facebook,#Inspired #TalesToTheStars,14,28,UK,2020,8,29,20,Empowerment
296,"Charting a course through the waves of hopeful anticipation, a sailor steering towards the shores of dreams yet unexplored.",Hopeful,30/10/2022 12:00,WaveNavigator,Twitter,#Hopeful #SailorOfDreams,17,34,Australia,2022,10,30,11,Hope
297,"A compassionate rain, tears of empathy falling gently, nurturing the seeds of kindness in the garden of human connections.",Compassionate,01/07/2021 12:00,RainNurturer,Instagram,#Compassionate #TearsOfEmpathy,21,42,Canada,2021,7,1,12,Compassion
298,"Proudly scaling the peaks of achievement, a mountaineer conquering challenges and planting the flag of success.",Proud,05/01/2020 9:00,PeakConqueror,Twitter,#Proud #ScalingPeaks,23,46,USA,2020,1,5,8,Pride
299,"Embraced by the hopeful dawn, a gardener sowing seeds of optimism, tending to the blooms of a brighter tomorrow.",Hopeful,17/07/2022 6:00,DawnGardener,Instagram,#Hopeful #SeedsOfOptimism,14,28,India,2022,7,17,6,Hope
300,"A playful escapade in the carnival of life, carousel laughter and cotton candy dreams swirling in the joyous atmosphere.",Playful,22/08/2018 17:00,CarnivalDreamer,Facebook,#Playful #CarnivalEscapade,24,48,Australia,2018,8,22,17,Amusement
301,"Drowning in the abyss of despair, a heart shattered into fragments, lost in the echoing silence of hopelessness.",Despair,15/09/2021 16:00,ShatteredHeart,Instagram,#Despair #EchoingSilence,8,16,Canada,2021,9,15,16,Sadness
302,"Bitterness festering like a venomous vine, entwining the soul in a web of resentment, poisoning the garden of peace.",Bitterness,08/03/2019 14:00,VenomousSoul,Facebook,#Bitterness #ResentmentWeb,12,24,UK,2019,3,8,14,Resentment
303,"Wandering through the desert of loneliness, each step a heavy sigh, mirages of connection shimmering but never materializing.",Loneliness,20/07/2017 12:00,DesertWanderer,Twitter,#Loneliness #MiragesOfConnection,15,30,USA,2017,7,20,11,Loneliness
304,"Yearning for a touch that's not there, echoes of a distant warmth haunting the heart in the cold embrace of solitude.",Yearning,02/11/2020 20:00,ColdEmbrace,Instagram,#Yearning #DistantWarmth,10,20,Australia,2020,11,2,19,Reflective
305,"Eyes wide open in the night, fearful shadows dancing on the walls, the mind a prisoner of imagined horrors.",Fearful,12/05/2022 2:00,NightPrisoner,Facebook,#Fearful #ImaginedHorrors,18,36,India,2022,5,12,2,Fear/Anxiety
306,"Apprehensive steps on the tightrope of uncertainty, a balancing act where the fall seems inevitable, anxiety a constant companion.",Apprehensive,08/04/2023 13:00,TightropeWalker,Twitter,#Apprehensive #BalancingAct,14,28,UK,2023,4,8,13,Fear/Anxiety
307,"Overwhelmed by the weight of the world, Atlas with trembling shoulders, each responsibility a boulder in the landscape of exhaustion.",Overwhelmed,25/06/2021 18:00,AtlasBearer,Instagram,#Overwhelmed #BouldersOfExhaustion,22,44,Canada,2021,6,25,17,Fear/Anxiety
308,"Jealousy, a green-eyed monster, lurking in the shadows, casting a dark cloud over the sunshine of others' success.",Jealous,30/08/2019 10:00,GreenMonster,Facebook,#Jealous #GreenEyedMonster,16,32,USA,2019,8,30,10,Jealousy/Envy
309,"Devastated by the storm of betrayal, the wreckage of trust scattered like debris, a heart torn by the winds of broken promises.",Devastated,03/08/2022 15:00,StormSurvivor,Twitter,#Devastated #WindsOfBrokenPromises,25,50,Australia,2022,8,3,15,Sadness
310,"Frustrated fingers tapping on the keyboard, a symphony of annoyance composing an unsolvable puzzle of unmet expectations.",Frustrated,17/12/2020 9:00,PuzzleComposer,Instagram,#Frustrated #UnsolvablePuzzle,12,24,India,2020,12,17,9,Frustration
311,"Envious eyes fixated on the gilded prize, a heartache fueled by the painful desire for possessions that seem forever out of reach.",Envious,28/02/2021 23:00,GildedHeartache,Facebook,#Envious #GildedPrize,20,40,USA,2021,2,28,22,Jealousy/Envy
312,"Dismissive glances, a fortress built with indifference, walls impenetrable to the pleas of understanding and recognition.",Dismissive,10/05/2018 14:00,IndifferentFort,Twitter,#Dismissive #ImpenetrableWalls,14,28,UK,2018,5,10,14,Neutral
313,"Shattered dreams lie on the floor like fragments of glass, a mosaic of disappointment crafted by the hands of frustration.",Frustrated,07/01/2022 11:00,DreamMosaic,Instagram,#Frustrated #MosaicOfDisappointment,15,30,Canada,2022,1,7,11,Frustration
314,"Loneliness, a silent companion in the night, the only echo in the chamber of solitude, a heart's solitary nocturne.",Loneliness,19/09/2019 3:00,NocturnalEcho,Facebook,#Loneliness #SolitaryNocturne,18,36,Australia,2019,9,19,3,Loneliness
315,"Fearful whispers in the dark, the mind haunted by the specter of the unknown, shadows dancing to the rhythm of anxiety's tune.",Fearful,14/07/2023 23:00,DarkWhispers,Twitter,#Fearful #SpecterOfTheUnknown,13,26,UK,2023,7,14,23,Fear/Anxiety
316,"Bitterness, a bitter aftertaste lingering on the tongue, each word a reminder of wounds that refuse to heal with the passing of time.",Bitterness,05/04/2020 16:00,LingeringTaste,Instagram,#Bitterness #BitterAftertaste,10,20,India,2020,4,5,16,Resentment
317,"Overwhelmed by the cacophony of expectations, a drowning soul in the tempest of pressure, struggling to stay afloat.",Overwhelmed,29/11/2021 9:00,TempestSurvivor,Facebook,#Overwhelmed #DrowningSoul,20,40,USA,2021,11,29,8,Fear/Anxiety
318,"Jealousy, a venom that seeps through the veins, poisoning the heart and turning it into a breeding ground for discontent.",Jealous,12/12/2019 17:00,VenomousHeart,Twitter,#Jealous #HeartOfDiscontent,16,32,Australia,2019,12,12,17,Jealousy/Envy
319,"Devastated by the revelation of betrayal, the trust shattered like fragile glass, leaving shards of pain in its wake.",Devastated,20/05/2022 15:00,FragileTrust,Instagram,#Devastated #ShatteredTrust,25,50,Canada,2022,5,20,14,Sadness
320,"Frustrated attempts to mend a broken connection, the threads of understanding slipping through the fingers like grains of sand.",Frustrated,03/09/2020 12:00,BrokenThreads,Facebook,#Frustrated #SlippingThreads,14,28,UK,2020,9,3,12,Frustration
321,"Envious gazes cast upon the podium of success, a bitter pill swallowed, the taste lingering as a constant reminder of unattained heights.",Envious,10/02/2021 20:00,SuccessPill,Twitter,#Envious #BitterPill,20,40,USA,2021,2,10,19,Jealousy/Envy
322,"Dismissive gestures, a curtain drawn to shield the vulnerability, a stage where emotions take a backseat to the performance of indifference.",Dismissive,18/08/2018 15:00,CurtainShield,Instagram,#Dismissive #IndifferencePerformance,12,24,Australia,2018,8,18,14,Neutral
323,"Despair like a heavy fog, enveloping every thought, blurring the path ahead, a journey in the labyrinth of utter hopelessness.",Despair,28/02/2022 21:00,FoggyLabyrinth,Facebook,#Despair #LabyrinthOfHopelessness,8,16,Canada,2022,2,28,21,Sadness
324,"Bitterness, a bitter chill in the air, freezing moments into icicles of resentment that dangle precariously over the landscape of memory.",Bitterness,15/10/2019 11:00,IcyResentment,Twitter,#Bitterness #IciclesOfResentment,15,30,UK,2019,10,15,10,Resentment
325,"Loneliness, a solitary moon in a starless sky, casting a cold glow on the landscape of isolation, where echoes bounce in empty spaces.",Loneliness,01/12/2017 19:00,SolitaryMoon,Instagram,#Loneliness #StarlessSky,18,36,USA,2017,12,1,18,Loneliness
326,"Yearning for the warmth of a vanished sun, a heartache painted in the hues of a sunset that never graced the horizon.",Yearning,18/04/2020 16:00,VanishedSunset,Facebook,#Yearning #HuesOfSunset,10,20,Australia,2020,4,18,16,Reflective
327,"Fearful eyes scanning the shadows, a prisoner of the night, terrorized by the lurking monsters born from the mind's darkest corners.",Fearful,07/01/2023 3:00,NightPrisoner,Twitter,#Fearful #LurkingMonsters,18,36,India,2023,1,7,3,Fear/Anxiety
328,"Apprehensive whispers in the wind, a forecast of uncertainty, the mind's weather vane spinning wildly in the storm of doubt.",Apprehensive,10/06/2021 10:00,WindWhisperer,Instagram,#Apprehensive #StormOfDoubt,14,28,Canada,2021,6,10,10,Fear/Anxiety
329,"Overwhelmed by the maze of expectations, a minotaur of pressure lurking in the labyrinth, waiting to devour the spirit of resilience.",Overwhelmed,22/02/2020 15:00,MazeExplorer,Facebook,#Overwhelmed #MinotaurOfPressure,22,44,USA,2020,2,22,15,Fear/Anxiety
330,"Jealousy, a festering wound, the pain intensifying with each glance at the garden of others' achievements, blooming beyond the fence.",Jealous,17/03/2018 15:00,WoundedGarden,Twitter,#Jealous #BloomingAchievements,16,32,UK,2018,3,17,14,Jealousy/Envy
331,"Devastated, a heart in ruins, the echoes of shattered dreams reverberating in the chambers, a requiem for what once was whole.",Devastated,28/10/2022 11:00,RuinedHeart,Instagram,#Devastated #EchoesOfShatteredDreams,25,50,Australia,2022,10,28,11,Sadness
332,"Frustrated attempts to untangle the knot of confusion, the threads of understanding slipping further into the labyrinth of miscommunication.",Frustrated,01/11/2020 12:00,KnotUntangler,Facebook,#Frustrated #LabyrinthOfMiscommunication,14,28,India,2020,11,1,12,Frustration
333,"Envious eyes locked on the treasure chest of opportunities, a heartache fueled by the desire for keys that seem forever elusive.",Envious,15/01/2021 22:00,ElusiveKeys,Twitter,#Envious #DesireForKeys,20,40,USA,2021,1,15,22,Jealousy/Envy
334,"Dismissive gestures, a curtain drawn to shield the vulnerability, a stage where emotions take a backseat to the performance of indifference.",Dismissive,18/08/2018 14:00,IndifferentFort,Instagram,#Dismissive #IndifferencePerformance,12,24,Australia,2018,8,18,14,Neutral
335,"Shattered dreams lie on the floor like fragments of glass, a mosaic of disappointment crafted by the hands of frustration.",Frustrated,07/01/2022 11:00,DreamMosaic,Twitter,#Frustrated #MosaicOfDisappointment,15,30,Canada,2022,1,7,11,Frustration
336,"Loneliness, a silent companion in the night, the only echo in the chamber of solitude, a heart's solitary nocturne.",Loneliness,19/09/2019 3:00,NocturnalEcho,Facebook,#Loneliness #SolitaryNocturne,18,36,Australia,2019,9,19,3,Loneliness
337,Awe-struck by the breathtaking sunrise over the mountains.,Awe,03/04/2022 6:00,NatureAdmirer,Instagram,#Awe #BreathtakingSunrise,28,55,USA,2022,4,3,6,Curiosity/Awe
338,Navigating through the challenges with determination.,Determination,12/10/2023 11:00,GoalPursuer,Twitter,#Determination #Challenges,15,30,Canada,2023,10,12,10,Accomplishment
339,Nostalgia hits while flipping through an old photo album.,Nostalgia,28/06/2019 19:00,MemoryLane,Facebook,#Nostalgia #OldMemories,22,45,UK,2019,6,28,19,Reflective
340,Thrilled to witness the grandeur of a cultural festival.,Thrill,15/09/2020 15:00,CultureEnthusiast,Instagram,#Thrill #CulturalCelebration,40,80,India,2020,9,15,14,Happiness
341,Calmness found in the rhythm of raindrops on the windowpane.,Calmness,08/11/2017 21:00,RainWatcher,Twitter,#Calmness #RainyDays,18,35,Australia,2017,11,8,21,Contentment
342,Overwhelmed by the support received during a personal challenge.,Overwhelmed,20/05/2021 18:00,PersonalJourney,Facebook,#Overwhelmed #SupportiveCommunity,25,50,USA,2021,5,20,17,Fear/Anxiety
343,Excitement builds as the countdown to a long-awaited vacation begins.,Excitement,10/01/2023 12:00,VacationDreamer,Instagram,#Excitement #VacationCountdown,30,60,France,2023,1,10,12,Excitement
344,"Reflecting on life's journey, grateful for the lessons learned.",Gratitude,05/12/2018 9:00,LifeLearner,Twitter,#Gratitude #LifeLessons,35,70,Brazil,2018,12,5,8,Gratitude
345,Bittersweet emotions arise while bidding farewell to a dear friend.,Bittersweet,15/03/2020 18:00,FarewellSender,Instagram,#Bittersweet #Farewell,20,40,Japan,2020,3,15,18,Reflective
346,Curiosity sparked by exploring a mysterious ancient ruin.,Curiosity,22/08/2016 15:00,HistoryExplorer,Facebook,#Curiosity #AncientDiscovery,18,35,Greece,2016,8,22,15,Curiosity/Awe
347,Admiration for the intricate details of a handcrafted masterpiece.,Admiration,20/08/2019 16:00,CraftEnthusiast,Instagram,#Admiration #HandcraftedArt,25,50,USA,2019,8,20,16,Curiosity/Awe
348,Overjoyed by the warmth of a cozy fireplace on a winter evening.,Overjoyed,08/12/2021 20:00,WinterLover,Twitter,#Overjoyed #WinterWarmth,18,35,Canada,2021,12,8,19,Joy
349,Inspiration strikes while observing the colors of a vibrant sunset.,Inspiration,10/06/2020 21:00,SunsetWatcher,Instagram,#Inspiration #ColorfulSunset,30,60,UK,2020,6,10,20,Empowerment
350,Motivated to achieve fitness goals after an invigorating workout.,Motivation,28/02/2022 7:00,FitnessJunkie,Facebook,#Motivation #FitnessGoals,40,80,Australia,2022,2,28,7,Empowerment
351,Gratitude for the simple joys found in a cup of morning coffee.,Gratitude,15/04/2017 8:00,CoffeeLover,Twitter,#Gratitude #MorningCoffee,22,45,India,2017,4,15,8,Gratitude
352,Feeling empowered after conquering a challenging hiking trail.,Empowerment,05/09/2018 14:00,HikingExplorer,Instagram,#Empowerment #HikingAdventure,35,70,USA,2018,9,5,14,Empowerment
353,Amused by the antics of playful kittens during playtime.,Amusement,22/10/2022 13:00,KittyObserver,Facebook,#Amusement #PlayfulKittens,15,30,Canada,2022,10,22,12,Amusement
354,Contemplating life's mysteries under the starry night sky.,Contemplation,42554,Stargazer,Twitter,#Contemplation #StarryNight,28,55,UK,2016,7,2,23,Reflective
355,Joyful reunion with long-lost friends after years of separation.,JoyfulReunion,18/11/2020 17:00,FriendshipRenewal,Instagram,#JoyfulReunion #Friendship,20,40,India,2020,11,18,17,Happiness
356,Excitement builds while preparing for a surprise celebration.,Excitement,05/03/2023 15:00,CelebrationPlanner,Facebook,#Excitement #SurpriseCelebration,30,60,Australia,2023,3,5,15,Excitement
357,Satisfaction derived from successfully completing a DIY project.,Satisfaction,01/12/2015 12:00,DIYEnthusiast,Twitter,#Satisfaction #DIYProject,25,50,USA,2015,12,1,11,Contentment
358,Feeling blessed for the supportive community in times of need.,Blessed,10/09/2021 10:00,CommunityHelper,Instagram,#Blessed #SupportiveCommunity,18,35,UK,2021,9,10,9,Gratitude
359,Captivated by the serenity of a tranquil garden in full bloom.,Serenity,12/05/2018 14:00,GardenEnthusiast,Facebook,#Serenity #TranquilGarden,22,45,Canada,2018,5,12,14,Contentment
360,Anticipation for an upcoming adventure in an exotic destination.,Anticipation,25/07/2022 10:00,Wanderlust,Twitter,#Anticipation #AdventureAwaits,40,80,India,2022,7,25,10,Anticipation
361,Reflecting on personal growth achieved through life experiences.,Reflection,08/03/2019 18:00,GrowthSeeker,Instagram,#Reflection #PersonalGrowth,35,70,USA,2019,3,8,18,Reflective
362,Nostalgic memories flood in while revisiting childhood favorites.,Nostalgia,28/01/2017 21:00,ChildhoodMemories,Facebook,#Nostalgia #ChildhoodFavorites,20,40,Australia,2017,1,28,21,Reflective
363,Appreciation for the vibrant culture experienced during travel.,Appreciation,14/11/2016 14:00,CultureExplorer,Twitter,#Appreciation #CulturalExperience,28,55,UK,2016,11,14,13,Gratitude
364,Confidence soars after overcoming public speaking anxiety.,Confidence,02/04/2020 18:00,PublicSpeaker,Instagram,#Confidence #OvercomingAnxiety,15,30,USA,2020,4,2,17,Empowerment
365,Contentment in the midst of a family gathering filled with laughter.,Contentment,15/01/2023 19:00,FamilyCelebration,Facebook,#Contentment #FamilyLaughter,25,50,Canada,2023,1,15,19,Contentment
366,Enthusiasm for learning new skills and expanding knowledge.,Enthusiasm,07/08/2018 12:00,LifelongLearner,Twitter,#Enthusiasm #SkillBuilding,30,60,India,2018,8,7,12,Excitement
367,Surprise and delight at discovering a hidden gem in the city.,Surprise,18/10/2019 17:00,CityExplorer,Instagram,#Surprise #HiddenGem,18,35,UK,2019,10,18,16,Surprise
368,A sense of accomplishment after completing a challenging workout.,Accomplishment,30/06/2022 7:00,FitnessAchiever,Facebook,#Accomplishment #FitnessSuccess,22,45,Australia,2022,6,30,7,Accomplishment
369,Wonderment at the beauty of a double rainbow after the rain.,Wonderment,12/06/2017 18:00,RainbowChaser,Twitter,#Wonderment #DoubleRainbow,35,70,USA,2017,6,12,18,Curiosity/Awe
370,Optimism for a bright future amidst challenging times.,Optimism,05/07/2021 9:00,FutureOptimist,Instagram,#Optimism #BrightFuture,20,40,Canada,2021,7,5,9,Hope
371,Pride in achieving a personal milestone in career progression.,Pride,15/04/2016 15:00,CareerAchiever,Facebook,#Pride #CareerMilestone,28,55,UK,2016,4,15,14,Pride
372,Happiness blooms like flowers in a garden on a sunny day.,Happiness,10/02/2020 11:00,SunnyDayEnthusiast,Twitter,#Happiness #SunnyDay,15,30,India,2020,2,10,11,Happiness
373,Elation over discovering a rare book in a quaint bookstore.,Elation,22/09/2018 17:00,Bookworm,Instagram,#Elation #RareBookDiscovery,40,80,USA,2018,9,22,16,Happiness
374,Curiosity piqued by the mysteries of an ancient archaeological site.,Curiosity,08/11/2015 10:00,ArchaeologyEnthusiast,Facebook,#Curiosity #AncientMysteries,18,35,Australia,2015,11,8,10,Curiosity/Awe
375,Mesmerized by the cosmic dance of fireflies on a moonlit night.,Enchantment,10/08/2022 22:00,NightSkyObserver,Instagram,#Enchantment #CosmicFireflies,25,50,Brazil,2022,8,10,22,Curiosity/Awe
376,Intrigued by the symphony of colors in an abstract art exhibition.,Intrigue,05/04/2019 18:00,ArtConnoisseur,Twitter,#Intrigue #AbstractArt,18,35,France,2019,4,5,17,Curiosity/Awe
377,Giggles and joy echo in the air during a children's playdate.,PlayfulJoy,15/12/2020 16:00,PlayfulParent,Facebook,#PlayfulJoy #ChildrensPlaydate,22,45,Japan,2020,12,15,15,Joy
378,Enveloped in serenity while practicing mindfulness by the lake.,Mindfulness,20/10/2017 8:00,ZenSeeker,Instagram,#Mindfulness #LakeTranquility,35,70,Canada,2017,10,20,8,Contentment
379,Chasing dreams like a kite soaring high in the vast open sky.,DreamChaser,28/02/2021 13:00,SkyDreamer,Twitter,#DreamChaser #SkyHighDreams,30,60,Australia,2021,2,28,13,Empowerment
380,Spellbound by the elegance of a ballroom dance under crystal chandeliers.,Elegance,12/06/2018 21:00,DanceEnthusiast,Facebook,#Elegance #BallroomDance,28,55,UK,2018,6,12,20,Positive
381,Whimsical delight in a world of fairy tales and magical creatures.,Whimsy,08/03/2016 14:00,FairyTaleExplorer,Instagram,#Whimsy #MagicalWorld,20,40,USA,2016,3,8,14,Amusement
382,Pensive contemplation amid the ancient ruins of a forgotten civilization.,Pensive,18/04/2023 17:00,RuinsExplorer,Twitter,#Pensive #AncientCivilization,18,35,Greece,2023,4,18,17,Reflective
383,Embracing the thrill of speed on a rollercoaster's exhilarating twists.,Thrill,25/07/2020 13:00,RollercoasterFan,Facebook,#Thrill #RollercoasterAdventure,22,45,Germany,2020,7,25,12,Happiness
384,Harmony resonates as musicians play a melody of unity and togetherness.,Harmony,30/11/2019 20:00,MusicHarmonist,Instagram,#Harmony #MusicalUnity,35,70,Sweden,2019,11,30,19,Contentment
385,A burst of creativity in the quiet solitude of an artist's studio.,Creativity,01/09/2015 16:00,StudioArtist,Twitter,#Creativity #ArtistsHaven,15,30,Italy,2015,9,1,16,Creativity
386,Radiant joy akin to blooming flowers on a sun-kissed spring morning.,Radiance,05/05/2022 10:00,SpringEnthusiast,Facebook,#Radiance #SpringBlooms,25,50,Netherlands,2022,5,5,10,Empowerment
387,A sense of wonder at the vastness of the cosmos on a stargazing night.,Wonder,08/07/2018 23:00,CosmosExplorer,Instagram,#Wonder #StargazingAdventure,40,80,South Africa,2018,7,8,23,Curiosity/Awe
388,Rejuvenated by the salty breeze and the sound of waves at the seaside.,Rejuvenation,20/09/2021 15:00,SeaBreezeLover,Twitter,#Rejuvenation #SeasideEscape,18,35,Spain,2021,9,20,14,Contentment
389,Whispers of inspiration from the rustling leaves in a serene forest.,Inspiration,15/11/2016 12:00,ForestDreamer,Facebook,#Inspiration #ForestWhispers,28,55,Portugal,2016,11,15,11,Empowerment
390,Savoring the warmth of a cup of cocoa on a chilly winter evening.,Coziness,12/01/2020 18:00,WinterWarmth,Instagram,#Coziness #WarmWinterEvening,30,60,Switzerland,2020,1,12,18,Contentment
391,Heartfelt gratitude for the laughter shared during a family reunion.,Gratitude,28/12/2017 19:00,FamilyGatherer,Facebook,#Gratitude #FamilyLaughter,22,45,Austria,2017,12,28,19,Gratitude
392,"Embarking on a culinary adventure, savoring exotic flavors around the world.",Adventure,02/03/2019 20:00,CulinaryExplorer,Twitter,#Adventure #CulinaryJourney,35,70,Belgium,2019,3,2,20,Adventure
393,Euphoria floods in as the final puzzle piece clicks into place.,Euphoria,08/06/2022 15:00,PuzzleSolver,Instagram,#Euphoria #PuzzleCompletion,20,40,Denmark,2022,6,8,15,Happiness
394,Awe-inspired by the grandeur of an ancient cathedral's intricate architecture.,Awe,18/08/2018 15:00,CathedralVisitor,Facebook,#Awe #ArchitecturalGrandeur,18,35,Czech Republic,2018,8,18,14,Curiosity/Awe
395,Captivated by the ethereal beauty of a field filled with fireflies.,Enchantment,10/08/2022 22:00,NightSkyObserver,Instagram,#Enchantment #FireflyField,25,50,Brazil,2022,8,10,22,Curiosity/Awe
396,Immersed in the enchanting melodies of a street musician's violin.,Melodic,05/04/2019 18:00,MusicLover,Twitter,#Melodic #StreetMusic,18,35,France,2019,4,5,17,Creativity
397,Joyful laughter resonates through a lively summer carnival.,FestiveJoy,15/12/2020 16:00,CarnivalGoer,Facebook,#FestiveJoy #SummerCarnival,22,45,Japan,2020,12,15,15,Happiness
398,Exploring the universe within during a mindful meditation session.,InnerJourney,20/10/2017 8:00,MindfulExplorer,Instagram,#InnerJourney #MeditationBliss,35,70,Canada,2017,10,20,8,Reflective
399,Soaring like a free spirit on the winds of a coastal cliff.,Freedom,28/02/2021 13:00,CoastalExplorer,Twitter,#Freedom #CoastalAdventure,30,60,Australia,2021,2,28,13,Empowerment
400,Dazzled by the elegance of a masquerade ball's dazzling costumes.,Dazzle,12/06/2018 21:00,MasqueradeAttendee,Facebook,#Dazzle #MasqueradeElegance,28,55,UK,2018,6,12,20,Curiosity/Awe
401,Whimsical delight in a world of whimsical fairy tales.,Whimsy,08/03/2016 14:00,FairyTaleAdventurer,Instagram,#Whimsy #FairyTaleMagic,20,40,USA,2016,3,8,14,Amusement
402,Reflective contemplation amid the ruins of a forgotten era.,Reflection,18/04/2023 17:00,RuinsExplorer,Twitter,#Reflection #ForgottenEra,18,35,Greece,2023,4,18,17,Reflective
403,Riding the adrenaline rush on a rollercoaster's wild twists.,Adrenaline,25/07/2020 13:00,ThrillSeeker,Facebook,#Adrenaline #RollercoasterThrills,22,45,Germany,2020,7,25,12,Excitement
404,Harmony resonates as musicians play a symphony of unity.,Harmony,30/11/2019 20:00,MusicHarmonist,Instagram,#Harmony #MusicalUnity,35,70,Sweden,2019,11,30,19,Contentment
405,A burst of artistic creativity in the quietude of an artist's studio.,ArtisticBurst,01/09/2015 16:00,StudioArtist,Twitter,#ArtisticBurst #StudioCreativity,15,30,Italy,2015,9,1,16,Creativity
406,Radiant joy akin to blossoming flowers on a sunlit spring morning.,Radiance,05/05/2022 10:00,SpringEnthusiast,Facebook,#Radiance #SpringBlooms,25,50,Netherlands,2022,5,5,10,Empowerment
407,Awe-inspired by the vastness of the cosmos on a stargazing night.,Wonder,08/07/2018 23:00,CosmosExplorer,Instagram,#Wonder #StargazingAdventure,40,80,South Africa,2018,7,8,23,Curiosity/Awe
408,Rejuvenated by the salty breeze and the sound of waves at the seaside.,Rejuvenation,20/09/2021 15:00,SeaBreezeLover,Twitter,#Rejuvenation #SeasideEscape,18,35,Spain,2021,9,20,14,Contentment
409,Whispers of inspiration from the rustling leaves in a serene forest.,Inspiration,15/11/2016 12:00,ForestDreamer,Facebook,#Inspiration #ForestWhispers,28,55,Portugal,2016,11,15,11,Empowerment
410,Savoring the warmth of a cup of cocoa on a chilly winter evening.,Coziness,12/01/2020 18:00,WinterWarmth,Instagram,#Coziness #WarmWinterEvening,30,60,Switzerland,2020,1,12,18,Contentment
411,Heartfelt gratitude for the laughter shared during a family reunion.,Gratitude,28/12/2017 19:00,FamilyGatherer,Facebook,#Gratitude #FamilyLaughter,22,45,Austria,2017,12,28,19,Gratitude
412,"Embarking on a culinary odyssey, savoring flavors around the world.",CulinaryOdyssey,02/03/2019 20:00,CulinaryExplorer,Twitter,#CulinaryOdyssey #FlavorsAroundTheWorld,35,70,Belgium,2019,3,2,20,Adventure
413,Euphoria floods in as the final puzzle piece fits perfectly.,Euphoria,08/06/2022 15:00,PuzzleSolver,Instagram,#Euphoria #PerfectPuzzle,20,40,Denmark,2022,6,8,15,Happiness
414,Awe-struck by the grandeur of an ancient cathedral's intricate architecture.,Awe,18/08/2018 15:00,CathedralVisitor,Facebook,#Awe #ArchitecturalGrandeur,18,35,Czech Republic,2018,8,18,14,Curiosity/Awe
415,Curiosity awakened by the mysteries of an ancient archaeological site.,Curiosity,08/11/2015 10:00,ArchaeologyEnthusiast,Instagram,#Curiosity #AncientMysteries,18,35,Australia,2015,11,8,10,Curiosity/Awe
416,Giddy with excitement as the first snowflakes dance from the sky.,Excitement,02/12/2020 18:00,SnowfallEnthusiast,Twitter,#Excitement #SnowfallMagic,22,45,Canada,2020,12,2,17,Excitement
417,Contentment envelops as the aroma of freshly baked bread fills the air.,Contentment,10/06/2017 12:00,BreadLover,Instagram,#Contentment #FreshBreadAroma,28,55,France,2017,6,10,12,Contentment
418,Inspired by the resilience of a lone tree standing tall in a storm.,Resilience,15/04/2021 14:00,NatureResilient,Facebook,#Resilience #StandingTall,35,70,USA,2021,4,15,14,Accomplishment
419,"Lost in the pages of a captivating novel, transported to another world.",Immersion,28/09/2019 20:00,Bookworm,Twitter,#Immersion #CaptivatingNovel,20,40,UK,2019,9,28,19,Curiosity/Awe
420,Drenched in nostalgia while flipping through an old family photo album.,Nostalgia,05/12/2016 21:00,FamilyHistorian,Instagram,#Nostalgia #FamilyPhotoAlbum,25,50,India,2016,12,5,21,Reflective
421,Spark of inspiration ignites like a shooting star in the night sky.,Spark,43142,NightSkyWatcher,Facebook,#Spark #InspirationIgnited,30,60,Australia,2018,2,10,23,Empowerment
422,Imbued with gratitude for the simple pleasure of a warm cup of tea.,Gratitude,15/02/2023 9:00,TeaEnthusiast,Twitter,#Gratitude #WarmTea,18,35,Japan,2023,2,15,8,Gratitude
423,Marveling at the kaleidoscope of colors in a vibrant street market.,Marvel,22/08/2015 15:00,MarketExplorer,Instagram,#Marvel #ColorfulStreetMarket,22,45,Brazil,2015,8,22,15,Curiosity/Awe
424,Awash with serenity as the sun sets over a tranquil lakeside retreat.,Serenity,20/11/2020 19:00,LakesideRetreater,Facebook,#Serenity #TranquilSunset,28,55,Germany,2020,11,20,18,Contentment
425,Drowning in sorrow as memories of lost love resurface.,Heartbreak,05/08/2019 21:00,LostInLove,Instagram,#Heartbreak #LostLove,15,30,USA,2019,8,5,21,Sadness
426,Numbness sets in as the weight of loneliness grows heavier.,Loneliness,12/02/2021 17:00,SolitudeSeeker,Twitter,#Loneliness #HeavyHeart,18,35,Canada,2021,2,12,16,Loneliness
427,"Tears fall like raindrops, mourning the end of a cherished friendship.",Grief,28/11/2020 14:00,FriendshipsEnd,Facebook,#Grief #LostFriendship,22,45,UK,2020,11,28,14,Sadness
428,"Despair clouds the mind, feeling adrift in an endless sea of darkness.",Despair,15/05/2016 23:00,LostInDarkness,Instagram,#Despair #EndlessDarkness,28,55,Australia,2016,5,15,22,Sadness
429,"Shattered by betrayal, trust crumbles like fragile glass.",Betrayal,10/09/2018 13:00,BrokenTrust,Twitter,#Betrayal #ShatteredTrust,22,45,Germany,2018,9,10,13,Resentment
430,"Aching heart, the symphony of pain plays in the silence of solitude.",Suffering,20/03/2022 20:00,SilentSufferer,Facebook,#Suffering #HeartacheSymphony,25,50,Brazil,2022,3,20,19,Suffering
431,"Emotional storm, a whirlwind of sadness engulfs every thought.",EmotionalStorm,18/07/2017 18:00,StormyFeelings,Instagram,#EmotionalStorm #SadnessWhirlwind,30,60,India,2017,7,18,17,Sadness
432,"Haunted by regrets, the ghost of the past lingers relentlessly.",Regret,15/12/2018 10:00,LingeringGhost,Twitter,#Regret #HauntedPast,18,35,France,2018,12,15,10,Regret
433,"Torn apart by grief, the echoes of loss reverberate through the soul.",Grief,28/06/2015 21:00,EchoesOfLoss,Facebook,#Grief #TornApart,28,55,Italy,2015,6,28,21,Sadness
434,"Isolation deepens, an emotional winter where warmth is but a distant memory.",Isolation,02/04/2020 14:00,WinterOfEmotions,Instagram,#Isolation #EmotionalWinter,35,70,Japan,2020,4,2,14,Loneliness
435,"Soul-crushing disappointment, hopes shattered like fragile glass.",Disappointment,08/10/2019 18:00,ShatteredHopes,Twitter,#Disappointment #CrushedHopes,20,40,Spain,2019,10,8,18,Disappointment
436,"Painful echoes of a love once cherished, now lost in the abyss of time.",LostLove,22/11/2016 10:00,AbyssOfTime,Facebook,#LostLove #PainfulEchoes,22,45,Netherlands,2016,11,22,9,Sadness
437,"Heartache deepens, a solitary journey through the abyss of despair.",Despair,18/08/2022 22:00,SolitaryDescent,Instagram,#Despair #AbyssOfHeartache,40,80,South Africa,2022,8,18,22,Sadness
438,"Melancholy lingers, a bittersweet serenade in the quietude of solitude.",Melancholy,42807,SerenadeOfSolitude,Twitter,#Melancholy #QuietSerenade,18,35,UK,2017,3,12,23,Reflective
439,"Bitterness like a poison, seeping into every crevice of the wounded heart.",Bitterness,15/12/2015 16:00,PoisonedHeart,Facebook,#Bitterness #WoundedHeart,25,50,Australia,2015,12,15,16,Resentment
440,"Emotional exhaustion, the weight of the world crushing weary shoulders.",Exhaustion,05/09/2021 14:00,WearySoulCrushed,Instagram,#Exhaustion #CrushedSpirit,35,70,Canada,2021,9,5,13,Suffering
441,"Sorrowful echoes, a symphony of pain played by the strings of loss.",Sorrow,22/05/2018 21:00,StringsOfSorrow,Twitter,#Sorrow #SymphonyOfLoss,18,35,Germany,2018,5,22,20,Sadness
442,"Darkness descends, engulfing the soul in the shadows of despair.",Darkness,10/07/2016 18:00,SoulInShadow,Facebook,#Darkness #SoulEngulfed,28,55,USA,2016,7,10,18,Sadness
443,"Desperation whispers, the silent plea for a glimmer of hope in the abyss.",Desperation,30/04/2019 14:00,WhisperedDespair,Instagram,#Desperation #GlimmerOfHope,22,45,France,2019,4,30,14,Suffering
444,"Heart in ruins, the remnants of shattered dreams scattered in the wind.",Ruins,08/01/2022 12:00,DreamsInWind,Twitter,#Ruins #ShatteredDreams,20,40,Brazil,2022,1,8,11,Sadness
445,"Shattered by the echoes of a shattered dream, fragments of hope scattered.",Desolation,10/09/2017 19:00,DreamEchoes,Twitter,#Desolation #ScatteredHope,20,40,Australia,2017,9,10,19,Sadness
446,"Avoiding the thorns of regret, walking barefoot on the path of remorse.",Regret,18/04/2022 12:00,RemorseWalker,Instagram,#Regret #PathOfRemorse,25,50,Canada,2022,4,18,11,Regret
447,"In the labyrinth of grief, the walls echo with the footsteps of lost joy.",Grief,05/12/2018 22:00,JoyLabyrinth,Facebook,#Grief #LostJoyFootsteps,18,35,USA,2018,12,5,21,Sadness
448,"A soul adrift in the sea of solitude, waves of loneliness crashing relentlessly.",Loneliness,28/06/2016 14:00,SolitudeSeas,Twitter,#Loneliness #CrashingWaves,22,45,UK,2016,6,28,14,Loneliness
449,"The bitterness of betrayal, a taste that lingers, staining the palate of trust.",Bitterness,22/10/2019 17:00,PalateStainer,Instagram,#Bitterness #StainedTrust,15,30,Germany,2019,10,22,17,Resentment
450,"In the ruins of hope, echoes of shattered dreams whisper tales of loss.",Desolation,15/03/2021 23:00,HopeRuins,Facebook,#Desolation #WhisperedLoss,28,55,Brazil,2021,3,15,22,Sadness
451,"Sinking like a stone in the ocean of heartbreak, each ripple a sigh of despair.",Heartbreak,10/08/2017 20:00,OceanSinker,Twitter,#Heartbreak #RippleOfDespair,22,45,France,2017,8,10,19,Sadness
452,"Tears, the ink staining the pages of a journal, a testament to silent grief.",Grief,28/01/2023 15:00,InkJournalist,Instagram,#Grief #SilentTears,30,60,India,2023,1,28,14,Sadness
453,"In the wasteland of lost trust, the echoes of broken promises reverberate.",Betrayal,12/12/2016 10:00,TrustWasteland,Facebook,#Betrayal #ReverberatingPromises,25,50,Italy,2016,12,12,10,Resentment
454,"Avoiding the shards of shattered dreams, walking the tightrope of resilience.",Resilience,18/07/2020 15:00,DreamTightrope,Twitter,#Resilience #TightropeWalk,35,70,Japan,2020,7,18,15,Accomplishment
455,"Suffocating in the silence of solitude, where echoes of laughter once thrived.",Isolation,20/05/2022 21:00,EchoedLaughter,Instagram,#Isolation #SilentSolitude,30,60,South Africa,2022,5,20,20,Loneliness
456,"Haunted by the specter of lost possibilities, a ghost that refuses to fade away.",Regret,08/11/2019 15:00,PossibilityGhost,Twitter,#Regret #FadingPossibilities,18,35,Spain,2019,11,8,14,Regret
457,"In the labyrinth of despair, the echoes of a broken heart reverberate endlessly.",Despair,28/03/2017 22:00,EndlessLabyrinth,Facebook,#Despair #EndlessReverberation,28,55,Australia,2017,3,28,22,Sadness
458,"Sinking like autumn leaves in the river of sorrow, carried away by the current.",Sorrow,15/09/2020 18:00,RiverOfSorrow,Instagram,#Sorrow #AutumnLeaves,22,45,Canada,2020,9,15,18,Sadness
459,"In the garden of broken dreams, petals fall, a silent testimony to shattered hopes.",Desolation,10/06/2018 14:00,DreamGardener,Twitter,#Desolation #ShatteredHopes,20,40,UK,2018,6,10,13,Sadness
460,"Tears, the currency of grief, spent in the marketplace of lost love and longing.",Grief,22/12/2016 22:00,CurrencyOfTears,Facebook,#Grief #LostLoveLonging,25,50,USA,2016,12,22,21,Sadness
461,"Wandering in the maze of betrayal, the walls closing in with every wrong turn.",Betrayal,05/01/2021 16:00,MazeWanderer,Instagram,#Betrayal #ClosingWalls,15,30,Germany,2021,1,5,16,Resentment
462,"A soul weathered by the storm of heartbreak, seeking refuge in the calm after.",Heartbreak,18/04/2019 11:00,StormSeeker,Twitter,#Heartbreak #CalmAfterStorm,22,45,Brazil,2019,4,18,11,Sadness
463,"In the tapestry of despair, threads of hope unravel, leaving a portrait of sorrow.",Despair,28/08/2017 20:00,TapestrySorrow,Facebook,#Despair #UnraveledHope,18,35,India,2017,8,28,19,Sadness
464,"Like a withered rose in the garden of love, petals fall, a silent surrender to time.",Loss,10/02/2023 15:00,WitheredRose,Instagram,#Loss #SilentSurrender,28,55,France,2023,2,10,14,Sadness
465,"In the void of heartache, echoes of a love song play, each note a pang of longing.",Heartache,10/07/2022 22:00,LoveSongEcho,Instagram,#Heartache #LoveSongLonging,30,60,Japan,2022,7,10,22,Sadness
466,"Nostalgia, a bittersweet dance in the moonlit ballroom of cherished memories.",Nostalgia,15/05/2019 21:00,MoonlitMemories,Twitter,#Nostalgia #CherishedMemories,18,35,Italy,2019,5,15,21,Reflective
467,"In the symphony of grief, each tear is a note, composing a melancholic melody.",Grief,28/11/2018 14:00,SymphonyOfTears,Facebook,#Grief #MelancholicMelody,22,45,Germany,2018,11,28,14,Sadness
468,"Betrayal, a venomous serpent slithering through the garden of trust, poisoning roots.",Betrayal,02/03/2021 18:00,VenomousGarden,Instagram,#Betrayal #PoisonedTrust,25,50,Canada,2021,3,2,17,Resentment
469,"Sinking in the quicksand of despair, the harder you fight, the deeper you descend.",Despair,18/10/2016 20:00,QuicksandFighter,Twitter,#Despair #DeepDescent,20,40,USA,2016,10,18,19,Sadness
470,"Wandering through the cemetery of lost dreams, tombstones marking untold sorrows.",Desolation,15/08/2020 12:00,DreamCemetery,Facebook,#Desolation #UntoldSorrows,28,55,France,2020,8,15,12,Sadness
471,"Swept away by the river of regret, the currents of the past refusing to release.",Regret,28/04/2017 16:00,RegretRiver,Instagram,#Regret #PastCurrents,18,35,UK,2017,4,28,16,Regret
472,"Whispers of lost love linger in the attic of the heart, forgotten but not erased.",Loss,10/09/2019 21:00,HeartAttic,Twitter,#Loss #ForgottenLove,22,45,Australia,2019,9,10,21,Sadness
473,"In the gallery of broken promises, each shattered vow framed, a painful exhibition.",Betrayal,28/01/2022 14:00,PromiseGallery,Facebook,#Betrayal #ShatteredVows,15,30,Brazil,2022,1,28,13,Resentment
474,"The echoes of solitude, a silent conversation between a soul and its shadows.",Solitude,15/06/2016 23:00,EchoedConversation,Instagram,#Solitude #ShadowConversation,30,60,Spain,2016,6,15,22,Reflective
475,"Dancing on sunshine, each step a celebration of the joy found in simple moments.",Joy,20/08/2021 16:00,SunshineDancer,Instagram,#Joy #SimpleMoments,40,80,USA,2021,8,20,15,Joy
476,"Laughter echoes in the air, a chorus of happiness that lifts the spirit higher.",Happiness,12/04/2018 18:00,EchoedLaughter,Twitter,#Happiness #SpiritLifter,35,70,Canada,2018,4,12,18,Happiness
477,"In the garden of contentment, each bloom whispers tales of inner peace and joy.",Contentment,15/02/2022 12:00,GardenOfJoy,Facebook,#Contentment #InnerPeace,25,50,UK,2022,2,15,12,Contentment
478,"Chasing dreams under the vibrant sky, a journey fueled by hope and enthusiasm.",Enthusiasm,28/10/2019 14:00,DreamChaser,Instagram,#Enthusiasm #HopefulJourney,30,60,Australia,2019,10,28,14,Excitement
479,"Serenading the stars with a heart full of gratitude, a melody of thankfulness.",Gratitude,22/12/2017 21:00,StarSerenader,Twitter,#Gratitude #ThankfulMelody,22,45,India,2017,12,22,21,Gratitude
480,"Basking in the glow of accomplishment, each milestone a stepping stone to happiness.",Accomplishment,10/06/2020 18:00,GlowAchiever,Facebook,#Accomplishment #HappinessMilestone,28,55,Germany,2020,6,10,17,Accomplishment
481,"In the dance of positivity, every step is a rhythm, uplifting the soul in harmony.",Positivity,18/09/2016 20:00,DanceHarmony,Instagram,#Positivity #SoulUpliftment,18,35,France,2016,9,18,19,Positive
482,"Overflowing with joy, a cup of laughter shared with friends, a moment cherished.",Joy,10/03/2023 15:00,LaughterCup,Twitter,#Joy #CherishedMoment,20,40,Japan,2023,3,10,14,Joy
483,"Draped in the warmth of kindness, a quilt of compassion stitched with love.",Kindness,05/05/2019 12:00,QuiltedCompassion,Facebook,#Kindness #LoveStitches,25,50,Brazil,2019,5,5,12,Compassion
484,"In the garden of friendships, each bloom a testament to the beauty of camaraderie.",Friendship,28/08/2018 16:00,FriendshipGarden,Instagram,#Friendship #CamaraderieBlooms,30,60,South Africa,2018,8,28,16,Compassion
485,"In the embrace of love, each heartbeat is a melody, dancing to the rhythm of affection.",Love,15/11/2022 21:00,MelodyOfLove,Twitter,#Love #RhythmOfAffection,35,70,USA,2022,11,15,20,Love
486,"Surrounded by the colors of joy, a canvas painted with laughter and endless smiles.",Joy,02/07/2019 17:00,ColorfulLaughter,Instagram,#Joy #EndlessSmiles,40,80,Canada,2019,7,2,17,Joy
487,"In the symphony of excitement, each note is a burst of energy, igniting the soul with fervor.",Excitement,18/04/2021 14:00,SymphonyFervor,Facebook,#Excitement #IgnitedSoul,30,60,UK,2021,4,18,14,Excitement
488,"A surprise gift, wrapped in anticipation, unfolds a moment of delight and wonder.",Surprise,05/02/2023 20:00,WrappedDelight,Twitter,#Surprise #WonderfulMoment,25,50,Australia,2023,2,5,19,Surprise
489,"Lost in the maze of curiosity, each twist and turn unveils the treasures of discovery.",Curiosity,22/09/2018 13:00,MazeDiscovery,Instagram,#Curiosity #TreasuresOfDiscovery,22,45,India,2018,9,22,12,Curiosity/Awe
490,"Floating on clouds of gratitude, each raindrop a blessing, a shower of thankfulness.",Gratitude,10/12/2016 21:00,CloudsOfBlessings,Facebook,#Gratitude #ShowerOfThankfulness,28,55,Germany,2016,12,10,21,Gratitude
491,"Like a comet of inspiration, streaking through the sky of creativity, leaving trails of brilliance.",Inspiration,28/05/2020 16:00,CometCreativity,Twitter,#Inspiration #BrilliantTrails,18,35,France,2020,5,28,16,Empowerment
492,"In the celebration of success, fireworks of accomplishment light up the night sky of triumph.",Success,15/11/2017 23:00,FireworksTriumph,Instagram,#Success #NightSkyTriumph,22,45,Japan,2017,11,15,22,Accomplishment
493,"A symphony of laughter, each note a key to unlocking the door of boundless happiness.",Happiness,02/08/2021 19:00,LaughterSymphony,Facebook,#Happiness #BoundlessLaughter,30,60,Brazil,2021,8,2,19,Happiness
494,"In the carnival of emotions, the rollercoaster of thrill sends the heart on a wild ride.",Thrill,28/03/2019 15:00,EmotionCarnival,Instagram,#Thrill #WildHeartRide,35,70,South Africa,2019,3,28,15,Happiness
495,"Standing before the grandeur of the Eiffel Tower, a moment to reflect on the beauty of Parisian dreams.",Reflection,12/05/2018 18:00,ParisDreamer,Twitter,#Reflection #ParisianDreams,28,55,France,2018,5,12,17,Reflective
496,"Lost in the enchantment of Disneyland, each ride a journey into the realm of childhood fantasies.",Enchantment,28/09/2022 16:00,DisneylandExplorer,Instagram,#Enchantment #ChildhoodFantasies,30,60,USA,2022,9,28,15,Curiosity/Awe
497,"Exploring the wonders of Ferrari World, the roar of engines creating a symphony of speed.",Excitement,10/11/2019 14:00,FerrariSpeedster,Facebook,#Excitement #SymphonyOfSpeed,22,45,Italy,2019,11,10,14,Excitement
498,"Amidst the tulip fields of Keukenhof, a tapestry of colors that paints the soul with springtime joy.",Joy,02/04/2021 18:00,KeukenhofAdventurer,Instagram,#Joy #SpringtimeColors,35,70,Netherlands,2021,4,2,18,Joy
499,"Wandering through the historical streets of Kyoto, each step a journey into the heart of Japan's traditions.",Exploration,22/08/2017 21:00,KyotoAdventurer,Twitter,#Exploration #JapaneseTraditions,18,35,Japan,2017,8,22,21,Adventure
500,"In the embrace of the Grand Canyon, nature's masterpiece, a moment to marvel at Earth's grandeur.",Awe,15/06/2020 17:00,CanyonMarveler,Instagram,#Awe #EarthsGrandeur,25,50,USA,2020,6,15,16,Curiosity/Awe
501,"Journeying through the serenity of Santorini, where each sunset paints the sky with hues of tranquility.",Serenity,10/09/2016 19:00,SantoriniTraveler,Facebook,#Serenity #SunsetHues,22,45,Greece,2016,9,10,19,Contentment
502,"Amazed by the architectural marvels of Petra, each stone telling tales of an ancient civilization.",Amazement,28/01/2023 13:00,PetraExplorer,Twitter,#Amazement #AncientTales,30,60,Jordan,2023,1,28,13,Curiosity/Awe
503,"Embarking on a gondola ride in Venice, each canal reflecting the romance of this timeless city.",Romance,18/04/2019 17:00,VeniceRomantic,Instagram,#Romance #TimelessCity,20,40,Italy,2019,4,18,16,Love
504,"At the summit of Machu Picchu, a breathtaking panorama that whispers the secrets of ancient civilizations.",Awe,05/11/2017 22:00,MachuPicchuAdventurer,Facebook,#Awe #AncientCivilizations,28,55,Peru,2017,11,5,22,Curiosity/Awe
505,"In the heart of New York City, Times Square dazzles with lights, a vibrant spectacle of urban energy.",Excitement,20/07/2022 22:00,TimesSquareExplorer,Instagram,#Excitement #UrbanEnergy,35,70,USA,2022,7,20,21,Excitement
506,"Captivated by the historical charm of the Colosseum, each stone echoing tales of gladiator valor.",Captivation,15/03/2018 18:00,ColosseumAdventurer,Twitter,#Captivation #GladiatorTales,25,50,Italy,2018,3,15,17,Curiosity/Awe
507,"Sailing the azure waters of the Maldives, each wave a whisper of serenity in paradise.",Serenity,28/10/2019 14:00,MaldivesSailor,Facebook,#Serenity #ParadiseWhispers,22,45,Maldives,2019,10,28,14,Contentment
508,"In the midst of the Amazon rainforest, a symphony of wildlife creates an orchestra of nature's wonders.",Wonder,10/06/2021 16:00,AmazonExplorer,Instagram,#Wonder #NatureOrchestra,30,60,Brazil,2021,6,10,16,Curiosity/Awe
509,"Walking the Great Wall of China, each step a testament to ancient engineering marvels.",Awe,18/08/2017 20:00,GreatWallWalker,Twitter,#Awe #EngineeringMarvels,18,35,China,2017,8,18,19,Curiosity/Awe
510,"At the summit of Mount Fuji, a breathtaking sunrise that paints the sky with hues of accomplishment.",Accomplishment,15/04/2020 6:00,FujiSummitAchiever,Facebook,#Accomplishment #SunriseHues,28,55,Japan,2020,4,15,5,Accomplishment
511,"Exploring the ancient ruins of Angkor Wat, each stone whispering stories of Khmer civilization.",Exploration,22/11/2016 13:00,AngkorWatAdventurer,Instagram,#Exploration #KhmerStories,20,40,Cambodia,2016,11,22,13,Adventure
512,"Skiing down the slopes of the Swiss Alps, each turn a dance with the majesty of snow-capped peaks.",Adventure,10/01/2019 15:00,AlpsSkiAdventurer,Twitter,#Adventure #SnowPeakDance,22,45,Switzerland,2019,1,10,14,Adventure
513,"In the tranquility of Kyoto's bamboo forest, whispers of ancient Zen wisdom echo through the groves.",Tranquility,28/02/2023 16:00,KyotoBambooSeeker,Facebook,#Tranquility #ZenWisdom,25,50,Japan,2023,2,28,16,Contentment
514,"Cruising the fjords of Norway, each icy landscape a breathtaking masterpiece of nature's grandeur.",Grandeur,28/05/2018 18:00,NorwayFjordExplorer,Instagram,#Grandeur #IcyMasterpiece,22,45,Norway,2018,5,28,18,Curiosity/Awe
515,"At the front row of Adele's concert, each note of 'Someone Like You' resonates with soul-stirring emotion.",Emotion,15/09/2022 20:00,AdeleConcertGoer,Instagram,#Emotion #AdeleConcert,40,80,USA,2022,9,15,20,Reflective
516,"Dancing under the stars at BeyoncÈ's live show, feeling the power of 'Single Ladies' in every move.",Energy,28/07/2019 21:00,BeyonceDancer,Twitter,#Energy #BeyonceConcert,35,70,USA,2019,7,28,21,Excitement
517,"In the crowd of a Taylor Swift concert, the lyrics of 'Love Story' create an enchanting fairy tale.",Enchantment,10/05/2021 20:00,SwiftieDreamer,Facebook,#Enchantment #TaylorSwift,30,60,USA,2021,5,10,19,Curiosity/Awe
518,"Rocking out to the guitar solos at a Queen tribute concert, a journey back in time with Freddie's spirit.",Nostalgia,02/12/2018 22:00,QueenTributeFan,Instagram,#Nostalgia #QueenTribute,22,45,UK,2018,12,2,22,Reflective
519,"Swaying to Ed Sheeran's acoustic melodies, a serene evening filled with 'Perfect' moments.",Serenity,18/08/2020 19:00,SheeranMelodyLover,Twitter,#Serenity #EdSheeranConcert,18,35,UK,2020,8,18,19,Contentment
520,"Immersed in the pulsating beats of a Bruno Mars concert, where 'Uptown Funk' becomes a city of joy.",Joy,28/03/2017 21:00,MarsJoyExplorer,Facebook,#Joy #BrunoMars,28,55,USA,2017,3,28,20,Joy
521,"At a Michael Jackson tribute show, moonwalking through the hits, a celebration of the King of Pop.",Celebration,15/01/2022 21:00,MJTributeDancer,Instagram,#Celebration #MJTribute,25,50,USA,2022,1,15,21,Surprise
522,"Swinging to the rhythms of a Frank Sinatra tribute, feeling the timeless charm of 'Fly Me to the Moon'.",Charm,10/06/2019 19:00,SinatraCharmListener,Twitter,#Charm #SinatraTribute,22,45,USA,2019,6,10,18,Positive
523,"In the mosh pit of a Metallica concert, the thunderous chords create a symphony of headbanging ecstasy.",Ecstasy,20/03/2023 23:00,MetallicaMoshWarrior,Facebook,#Ecstasy #MetallicaConcert,35,70,USA,2023,3,20,22,Happiness
524,"Experiencing the magic of a Coldplay concert, where 'Fix You' becomes a beacon of hope in the night.",Hope,28/11/2016 19:00,ColdplayHopeSeeker,Instagram,#Hope #ColdplayMagic,30,60,UK,2016,11,28,19,Hope
525,"At a Justin Bieber concert, the infectious beats of 'Baby' create a dance floor of unbridled enthusiasm.",Enthusiasm,05/08/2018 20:00,BieberDanceEnthusiast,Instagram,#Enthusiasm #JustinBieber,40,80,Canada,2018,8,5,20,Excitement
526,"In the spotlight at a Lady Gaga show, each costume change is a metamorphosis of creativity and artistry.",Creativity,15/04/2021 21:00,GagaArtisticChameleon,Twitter,#Creativity #LadyGaga,35,70,USA,2021,4,15,21,Creativity
527,"Immersed in the soulful melodies of Adele, tears flow freely, moved by the emotion of 'Hello'.",Emotion,28/11/2019 20:00,AdeleMelodyTearjerker,Facebook,#Emotion #AdeleMelodies,30,60,UK,2019,11,28,19,Reflective
528,"Drenched in confetti at a Katy Perry concert, a kaleidoscope of colors igniting the night sky.",Colorful,22/06/2020 22:00,KatyPerryColorExplosion,Instagram,#Colorful #KatyPerry,22,45,USA,2020,6,22,22,Creativity
529,"In the audience of a Jay-Z performance, the lyrics of 'Empire State of Mind' become an anthem of pride.",Pride,10/09/2017 20:00,JayZEmpireListener,Twitter,#Pride #JayZAnthem,18,35,USA,2017,9,10,20,Pride
530,"Dancing to Shakira's rhythmic beats, hips swaying to the hypnotic charm of 'Hips Don't Lie'.",Hypnotic,28/02/2022 21:00,ShakiraHipsDancer,Facebook,#Hypnotic #ShakiraRhythms,28,55,Colombia,2022,2,28,21,Curiosity/Awe
531,"At a U2 concert, the anthemic chords of 'With or Without You' create a timeless moment of connection.",Connection,15/05/2016 20:00,U2ConnectionSeeker,Instagram,#Connection #U2Anthem,25,50,Ireland,2016,5,15,19,Compassion
532,"Rocking out at a Guns N' Roses show, the iconic riffs of 'Sweet Child o' Mine' echoing in the night.",Iconic,10/12/2018 23:00,GunsNRosesRiffRockstar,Twitter,#Iconic #GNRConcert,22,45,USA,2018,12,10,22,Positive
533,"In the crowd of an Ariana Grande concert, the high notes of 'Into You' create a euphoric symphony.",Euphoria,22/01/2023 20:00,ArianaEuphoriaChaser,Facebook,#Euphoria #ArianaGrande,35,70,USA,2023,1,22,20,Happiness
534,"Swaying to the reggae vibes of Bob Marley's tribute concert, each chord a journey to Jamaica's soul.",Journey,05/03/2020 19:00,MarleyReggaeTraveler,Instagram,#Journey #BobMarleyTribute,30,60,Jamaica,2020,3,5,18,Adventure
535,"Captivated by the spellbinding plot twists, the audience applauds, experiencing a rollercoaster of emotions at the movie premiere.",Excitement,12/10/2018 20:00,MovieEnthusiastPremiereAttendee,Twitter,#Excitement #MoviePremiereThrills,40,80,USA,2018,10,12,20,Excitement
536,"As the credits roll, a profound sense of nostalgia washes over, reminiscent of cherished moments in classic films.",Nostalgia,25/06/2019 22:00,FilmLoverNostalgiaSeeker,Instagram,#Nostalgia #ClassicFilmMoments,35,70,UK,2019,6,25,22,Reflective
537,"Streaming the latest web series, the viewer is engrossed in the characters' journey, feeling a sense of connection and empathy.",Engagement,08/07/2020 20:00,WebSeriesViewerCharacterConnection,Facebook,#Engagement #WebSeriesJourney,30,60,Canada,2020,7,8,19,Anticipation
538,"At the film festival, the indie filmmaker's creation receives a standing ovation, evoking pride and a sense of accomplishment.",Pride,18/09/2017 22:00,IndieFilmmakerFestivalSuccess,Twitter,#Pride #IndieFilmSuccess,22,45,Australia,2017,9,18,21,Pride
539,"Watching a heartwarming family drama, tears flow freely as the characters overcome challenges, leaving the viewer with a warm glow.",Touched,15/01/2021 18:00,DramaEnthusiastHeartwarmingMoments,Instagram,#Touched #FamilyDramaMoments,28,55,India,2021,1,15,18,Compassion
540,"At the Oscars, the actor graciously accepts an award, radiating joy and gratitude for the recognition of their outstanding performance.",Gratitude,28/02/2016 21:00,AwardWinningActorOscarsRecipient,Facebook,#Gratitude #OscarWinningMoment,18,35,USA,2016,2,28,20,Gratitude
541,"Discovering a hidden gem in the world of documentaries, the viewer is enlightened and inspired, feeling a renewed sense of curiosity.",Inspiration,20/04/2022 18:00,DocumentaryEnthusiastHiddenGemFinder,Twitter,#Inspiration #HiddenGemDiscovery,22,45,France,2022,4,20,17,Empowerment
542,"As the movie credits roll, the viewer experiences a mix of awe and contemplation, pondering the deeper meanings woven into the storyline.",Contemplation,05/11/2019 21:00,FilmBuffContemplativeViewer,Instagram,#Contemplation #DeepMeanings,28,55,Germany,2019,11,5,21,Reflective
543,"Binge-watching a thrilling crime series, the suspense keeps the viewer on the edge of their seat, creating a rush of adrenaline.",Suspense,12/07/2015 22:00,CrimeSeriesEnthusiastThrillSeeker,Facebook,#Suspense #CrimeSeriesThrills,35,70,Japan,2015,7,12,22,Anticipation
544,"As the closing scene unfolds, a sense of satisfaction washes over, completing the cinematic journey with a profound and fulfilling ending.",Satisfaction,10/09/2020 20:00,FilmCriticSatisfactionSeeker,Twitter,#Satisfaction #FulfillingEnding,22,45,Brazil,2020,9,10,19,Contentment
545,"Celebrating a historic victory in the World Cup, the nation erupts in joy, united by the triumph of their football team.",Joy,15/07/2018 21:00,FootballFanWorldCupCelebration,Instagram,#Joy #WorldCupTriumph,40,80,Brazil,2018,7,15,21,Joy
546,"At the Olympics, the athlete's perseverance shines through, earning a gold medal and inspiring a generation with their remarkable achievement.",Inspiration,08/08/2020 20:00,OlympicsEnthusiastGoldMedalWinner,Twitter,#Inspiration #OlympicAchievement,35,70,USA,2020,8,8,19,Empowerment
547,"In the cricket championship, a nail-biting finish leaves fans on the edge of their seats, experiencing a rollercoaster of emotions.",Excitement,25/06/2019 22:00,CricketFanChampionshipThrills,Facebook,#Excitement #CricketChampionship,30,60,India,2019,6,25,22,Excitement
548,"Witnessing a record-breaking marathon, spectators are filled with awe and admiration for the endurance and dedication of the runners.",Admiration,07/11/2021 18:00,MarathonSpectatorRecordBreaking,Instagram,#Admiration #MarathonRecords,22,45,Kenya,2021,11,7,17,Curiosity/Awe
549,"In the tennis grand slam, a fierce rivalry unfolds, captivating fans with a display of skill and sportsmanship on the world stage.",Captivation,10/09/2017 20:00,TennisEnthusiastGrandSlamDrama,Twitter,#Captivation #TennisRivalry,28,55,UK,2017,9,10,20,Curiosity/Awe
550,"Cheering for the underdog in the basketball finals, the crowd erupts in applause as the team defies odds to claim the championship title.",Triumph,20/06/2022 21:00,BasketballFanUnderdogTriumph,Facebook,#Triumph #BasketballFinals,18,35,USA,2022,6,20,21,Accomplishment
551,"At the golf tournament, the golfer's precision and focus lead to a stunning victory, leaving spectators in awe of their exceptional skill.",Awe,10/04/2016 18:00,GolfEnthusiastPrecisionVictory,Instagram,#Awe #GolfVictory,22,45,Scotland,2016,4,10,18,Curiosity/Awe
552,"Experiencing the thrill of a high-speed Formula 1 race, fans are on the edge of their seats as drivers compete for the championship.",Thrill,24/11/2019 20:00,F1FanHighSpeedRaceExcitement,Twitter,#Thrill #Formula1Championship,28,55,Germany,2019,11,24,19,Happiness
553,"In the cycling world championship, the climber conquers challenging terrains, symbolizing determination and achievement against all odds.",Determination,28/09/2015 23:00,CyclingEnthusiastWorldChampion,Facebook,#Determination #CyclingChampion,35,70,Italy,2015,9,28,22,Accomplishment
554,"Witnessing a heartwarming comeback in the hockey finals, fans share tears of joy as the team secures a historic victory after adversity.",Heartwarming,12/12/2020 20:00,HockeyFanComebackVictory,Instagram,#Heartwarming #HockeyFinalsComeback,22,45,Canada,2020,12,12,20,Love
555,"After a series of defeats, the soccer team faces disappointment, struggling to find the silver lining in a challenging season.",Disappointment,02/11/2019 19:00,SoccerFanTeamDefeats,Twitter,#Disappointment #SoccerDefeats,40,80,Brazil,2019,11,2,18,Disappointment
556,"In the tennis tournament, a highly anticipated player experiences a setback, leaving fans in shock and questioning the unforeseen turn of events.",Frustration,10/07/2018 21:00,TennisEnthusiastUnexpectedSetback,Instagram,#Frustration #TennisSetback,35,70,USA,2018,7,10,21,Frustration
557,"Facing a defeat in the championship, the boxer reflects on the challenges, vowing to return stronger and more determined in the next bout.",Reflection,18/09/2020 20:00,BoxingFanChampionshipDefeat,Facebook,#Reflection #BoxingDefeat,30,60,UK,2020,9,18,19,Reflective
558,"In the midst of a cycling race, a tire blowout leads to frustration for the cyclist, who valiantly tries to overcome the unexpected obstacle.",Obstacle,15/05/2017 22:00,CyclingEnthusiastTireBlowout,Twitter,#Obstacle #CyclingFrustration,22,45,France,2017,5,15,22,Frustration
559,"The gymnast's unexpected fall during a routine sparks a wave of sympathy from the audience, highlighting the vulnerability of sports.",Sympathy,05/04/2021 20:00,GymnasticsFanRoutineFall,Instagram,#Sympathy #GymnasticsFall,28,55,Japan,2021,4,5,20,Compassion
560,"In the golf tournament, a missed crucial putt results in defeat, causing the golfer to reflect on the pressure of high-stakes competition.",Pressure,20/08/2016 18:00,GolfEnthusiastMissedPutt,Facebook,#Pressure #GolfDefeat,18,35,USA,2016,8,20,18,Frustration
561,"Experiencing a series of losses in the basketball season, the team grapples with frustration, determined to turn the tide with renewed effort.",Renewed Effort,12/02/2019 20:00,BasketballFanTeamLosses,Twitter,#RenewedEffort #BasketballStruggles,22,45,Canada,2019,2,12,19,Empowerment
562,"Despite meticulous training, the swimmer faces disappointment as a split-second miscalculation costs them the lead in a crucial race.",Miscalculation,28/06/2015 20:00,SwimmingEnthusiastRaceSetback,Instagram,#Miscalculation #SwimmingDisappointment,28,55,Australia,2015,6,28,20,Frustration
563,"The weightlifter's failed attempt at a personal record results in frustration, highlighting the challenging nature of pushing physical limits.",Challenge,08/01/2022 21:00,WeightliftingFanFailedRecord,Facebook,#Challenge #WeightliftingFailure,35,70,Germany,2022,1,8,21,Frustration
564,"In the midst of a soccer match, an unexpected own goal creates a moment of despair for the player, as teammates console and encourage them.",Despair,15/12/2018 20:00,SoccerPlayerOwnGoalMoment,Twitter,#Despair #OwnGoal,22,45,Spain,2018,12,15,20,Sadness
565,"In the serene beauty of a sunset, nature unfolds a canvas of colors, evoking a sense of tranquility and wonder.",Tranquility,10/07/2021 19:00,NatureEnthusiastSunsetWonder,Instagram,#Tranquility #SunsetBeauty,40,80,Canada,2021,7,10,19,Contentment
566,"Embarking on a spontaneous road trip, the traveler discovers hidden gems, creating memories that will be cherished for a lifetime.",Adventure,28/09/2019 21:00,TravelEnthusiastRoadTripDiscovery,Twitter,#Adventure #RoadTripMemories,35,70,USA,2019,9,28,20,Adventure
567,"Amidst the bustling city, a quiet cafÈ becomes a sanctuary for reflection, where a cup of coffee brings solace to the wandering mind.",Solace,15/03/2022 19:00,UrbanExplorerCafeSolitude,Facebook,#Solace #CafeReflection,30,60,France,2022,3,15,18,Reflective
568,"Exploring the vibrant street art of a cultural neighborhood, each mural tells a story, infusing the city with creativity and expression.",Creativity,05/11/2017 21:00,ArtEnthusiastStreetArtExploration,Instagram,#Creativity #StreetArtVibes,22,45,Brazil,2017,11,5,21,Creativity
569,"In the world of science, a breakthrough discovery unfolds, pushing the boundaries of knowledge and opening new frontiers of exploration.",Breakthrough,20/05/2020 17:00,ScienceEnthusiastDiscoveryMoment,Twitter,#Breakthrough #ScientificDiscovery,28,55,Germany,2020,5,20,16,Accomplishment
570,"Connecting with the melody of a live orchestra, the music enthusiast experiences a symphony that resonates deep within the soul.",Harmony,22/08/2016 20:00,MusicLoverLiveOrchestraExperience,Facebook,#Harmony #OrchestraMelody,18,35,UK,2016,8,22,19,Contentment
571,"Embracing the aroma of freshly baked bread, the home chef finds joy in the art of baking, creating delicious memories for loved ones.",Joy in Baking,10/04/2023 17:00,HomeBakerDeliciousMemories,Instagram,#JoyInBaking #HomemadeDelights,22,45,India,2023,4,10,17,Joy
572,"Wandering through a historical museum, the history enthusiast becomes immersed in the tales of the past, envisioning bygone eras.",Envisioning History,18/12/2015 18:00,HistoryBuffMuseumExploration,Twitter,#EnvisioningHistory #MuseumTales,28,55,Italy,2015,12,18,18,Curiosity/Awe
573,"In the realm of literature, a captivating novel transports the reader to distant lands, weaving a tapestry of imagination and escape.",Imagination,08/10/2021 21:00,BookwormCaptivatingNovelEscape,Facebook,#Imagination #LiteraryEscape,35,70,Japan,2021,10,8,20,Creativity
574,"Capturing the essence of a bustling market, the photographer freezes moments in time, each frame telling a unique and vibrant story.",Vibrancy,22/03/2019 22:00,PhotographyEnthusiastMarketMoments,Instagram,#Vibrancy #MarketStories,22,45,Australia,2019,3,22,21,Creativity
575,"Underneath the city lights, the dancer expresses emotions through graceful movements, creating a mesmerizing performance under the night sky.",Mesmerizing,15/06/2018 22:00,DanceEnthusiastCityNightPerformance,Twitter,#Mesmerizing #NightDancePerformance,40,80,USA,2018,6,15,22,Curiosity/Awe
576,"In the heart of a bustling market, the street food connoisseur indulges in a culinary adventure, savoring diverse flavors and aromas.",Culinary Adventure,28/08/2019 20:00,FoodieMarketStreetFoodExploration,Instagram,#CulinaryAdventure #StreetFoodDelights,35,70,Thailand,2019,8,28,19,Creativity
577,"As the first snowflake descends, the winter enthusiast eagerly prepares for a season of frosty delights, anticipating the magic of snow-covered landscapes.",Winter Magic,01/12/2022 18:00,SnowLoverWinterEnthusiast,Facebook,#WinterMagic #SnowyLandscapes,30,60,Canada,2022,12,1,17,Contentment
578,"Amidst the pages of a captivating mystery novel, the reader unravels clues and secrets, experiencing a thrilling journey of suspense and revelation.",Thrilling Journey,10/04/2017 21:00,MysteryBookwormSuspensefulRead,Twitter,#ThrillingJourney #MysteryNovel,22,45,UK,2017,4,10,21,Adventure
579,"Surrounded by the vibrant colors of a flower garden, the gardener nurtures blossoms, finding joy in the beauty of nature's ever-changing canvas.",Nature's Beauty,15/05/2020 18:00,GardeningEnthusiastFlowerGarden,Instagram,#NaturesBeauty #FloralJoy,28,55,Australia,2020,5,15,18,Adventure
580,"At the astronomy observatory, the stargazer marvels at the vastness of the cosmos, contemplating the mysteries hidden within the celestial expanse.",Celestial Wonder,22/09/2016 20:00,AstronomyEnthusiastStargazing,Facebook,#CelestialWonder #Stargazing,18,35,USA,2016,9,22,20,Curiosity/Awe
581,"Engulfed in the aroma of freshly brewed coffee, the writer finds inspiration in every sip, embarking on a journey of creativity and prose.",Creative Inspiration,12/02/2023 20:00,CoffeeLoverWritersRetreat,Twitter,#CreativeInspiration #CoffeeJourney,22,45,France,2023,2,12,19,Empowerment
582,"In the realm of fashion, the designer unveils a collection that tells a story, blending innovation and tradition on the runway of creativity.",Runway Creativity,10/11/2015 21:00,FashionEnthusiastDesignerShowcase,Instagram,#RunwayCreativity #FashionInnovation,28,55,Italy,2015,11,10,21,Creativity
583,"As the waves crash against the shore, the surfer embraces the thrill of riding the ocean's energy, capturing the essence of freedom in each wave.",Ocean's Freedom,20/07/2021 18:00,SurfingEnthusiastWaveRider,Facebook,#OceansFreedom #SurfingThrills,22,45,Brazil,2021,7,20,18,Empowerment
584,"Exploring the historical architecture of an ancient city, the traveler is transported to a bygone era, where each monument whispers tales of the past.",Whispers of the Past,18/04/2019 21:00,HistoryExplorerAncientCityTour,Twitter,#WhispersOfThePast #HistoricalTour,35,70,Greece,2019,4,18,20,Reflective
585,Successfully avoided eye contact with my crush in the hallway. Mission accomplished. #TeenCrush #StealthMode,Excitement,20/05/2023 20:00,CrushAvoider,Twitter,#CrushStruggles #AvoidingEyeContact,15,30,USA,2023,5,20,19,Excitement
586,Ran out of snacks during a movie marathon. Crisis level: Emergency! #MovieNightStruggles #TeenProblems,Boredom,21/05/2023 21:00,MovieBuff,Instagram,#SnackCrisis #TeenLife,18,35,Canada,2023,5,21,21,Boredom
587,Spent an hour choosing the perfect filter for a selfie. The struggle for that Instagram aesthetic is real. #SelfieQueen #TeenVibes,Joy,22/05/2023 15:00,SelfieAddict,Facebook,#SelfieStruggle #TeenConfessions,22,45,UK,2023,5,22,14,Joy
588,Lost my headphones again. How do they vanish into thin air? #HeadphoneMystery #TeenLife,Frustration,23/05/2023 17:00,AudioExplorer,Twitter,#TeenProblems #LostHeadphones,20,40,USA,2023,5,23,16,Frustration
589,Decided to study for exams but ended up making memes about studying instead. Procrastination level: Expert. #ProcrastinationNation #TeenConfessions,Surprise,24/05/2023 13:00,MemeCreator,Instagram,#StudyingMemes #TeenLife,25,50,Canada,2023,5,24,13,Surprise
590,"Got dressed for the day, then remembered it's Saturday. Oops. #WeekendVibes #TeenStruggles",Indifference,25/05/2023 19:00,FashionBlunder,Facebook,#WeekendOops #TeenFashion,20,40,USA,2023,5,25,19,Neutral
591,Survived a group project without any drama. Miracles do happen. #GroupProjectSuccess #TeenAchievements,Satisfaction,26/05/2023 14:00,GroupGenius,Twitter,#TeenSuccess #ProjectMiracle,28,55,UK,2023,5,26,14,Contentment
592,"Entered the kitchen with the intention to cook. Left with a bag of chips. Cooking is overrated, anyway. #MasterChefInTraining #TeenHumor",Disgust,27/05/2023 21:00,ChipExplorer,Instagram,#TeenChef #CookingFail,22,45,Canada,2023,5,27,21,Disgust
593,"Staring at the clock in class, waiting for the bell to ring like it's the most exciting event of the day. #ClassCountdown #TeenLife",Surprise,28/05/2023 12:00,ExcitementSeeker,Facebook,#ClassEvent #TeenExcitement,18,35,USA,2023,5,28,12,Surprise
594,"Discovered a new book series and spent the whole night reading. Who needs sleep, anyway? #BookwormLife #LateNightReading",Joy,45076,NightReader,Twitter,#BookDiscoveries #TeenReading,30,60,UK,2023,5,29,23,Joy
595,"Bought a new video game, played for hours, forgot to eat. The ultimate gaming session. #GamerLife #NoFoodGaming",Excitement,30/05/2023 21:00,GamingEnthusiast,Instagram,#GameOn #TeenGamer,22,45,USA,2023,5,30,20,Excitement
596,Spent the day binge-watching a new series. Productivity level: Zero. #LazyDay #TVSeriesMarathon,Joy,31/05/2023 15:00,LazyWatcher,Facebook,#BingeWatchDay #TeenLife,35,70,Canada,2023,5,31,15,Joy
597,Caught up on the latest fashion trends and now planning a shopping spree. #Fashionista #TrendyTeen,Excitement,01/06/2023 18:00,TrendExplorer,Twitter,#FashionGoals #TeenStyle,20,40,USA,2023,6,1,18,Excitement
598,Decided to learn a new instrument. Day one: Still trying to figure out how to hold it. #MusicNovice #LearningJourney,Frustration,02/06/2023 15:00,MusicalExplorer,Instagram,#InstrumentLearning #TeenMusic,28,55,UK,2023,6,2,14,Frustration
599,Spent hours creating the perfect playlist for every mood. Music is my therapy. #PlaylistMaker #TeenMusicLover,Joy,03/06/2023 21:00,MusicAficionado,Facebook,#MusicTherapy #TeenPlaylist,22,45,Canada,2023,6,3,21,Joy
600,Successfully cooked a gourmet meal for the family. Chef skills unlocked! #ChefMode #TeenChef,Pride,04/06/2023 20:00,HomeChef,Twitter,#CookingSuccess #TeenCook,25,50,USA,2023,6,4,19,Pride
601,Spontaneously booked a weekend getaway. Adventure awaits! #TravelBug #WeekendEscape,Excitement,05/06/2023 10:00,AdventureSeeker,Instagram,#GetawayGoals #TeenTravel,18,35,UK,2023,6,5,10,Excitement
602,Attended a concert and danced the night away. Music is the heartbeat of life. #ConcertVibes #DanceAllNight,Joy,06/06/2023 23:00,DanceEnthusiast,Facebook,#MusicMagic #TeenConcert,28,55,Canada,2023,6,6,22,Joy
603,Rediscovered childhood cartoons and had a nostalgia-filled marathon. #CartoonNostalgia #TeenMemories,Joy,07/06/2023 13:00,NostalgiaExplorer,Twitter,#ChildhoodMemories #TeenCartoons,22,45,USA,2023,6,7,12,Joy
604,Embarked on a DIY home decor project. Let's hope it turns out better than last time. #DIYAdventure #TeenHomeDecor,Excitement,08/06/2023 16:00,HomeDecorator,Instagram,#DIYGoals #TeenCreative,35,70,UK,2023,6,8,16,Excitement
605,"Spent the afternoon at a museum, pretending to be cultured. Art enthusiast in the making. #MuseumDay #TeenArtLover",Curiosity,09/06/2023 14:00,ArtExplorer,Facebook,#CulturalDay #TeenCuriosity,20,40,USA,2023,6,9,14,Curiosity/Awe
606,Started a blog about random thoughts and musings. Blogging is the new diary. #BloggerLife #TeenBlogger,Curiosity,10/06/2023 18:00,ThoughtfulBlogger,Twitter,#BloggingJourney #TeenThoughts,30,60,Canada,2023,6,10,17,Curiosity/Awe
607,Relishing a peaceful afternoon with a classic novel. Quiet moments are the best moments. #BookLover #PeacefulAfternoon,Contentment,11/06/2023 15:00,NovelEnthusiast,Instagram,#QuietMoments #BookishEscape,35,70,USA,2023,6,11,15,Contentment
608,"Reflecting on a lifetime of memories, each wrinkle tells a story. Embracing the beauty of aging. #LifeReflections #BeautyInAging",Gratitude,12/06/2023 18:00,WiseSoul,Twitter,#AgingGracefully #Memories,28,55,UK,2023,6,12,18,Gratitude
609,Exploring the world of digital art. It's never too late to discover new passions. #DigitalArtistry #LateBloomer,Curiosity,13/06/2023 15:00,ArtAdventurer,Facebook,#ArtDiscovery #SeniorArtist,22,45,Canada,2023,6,13,14,Curiosity/Awe
610,Savoring the flavors of a home-cooked meal. Simple joys are the heart of happiness. #HomeCooking #SimpleJoys,Contentment,14/06/2023 20:00,HomeChefSenior,Instagram,#HappinessInFood #SeniorLife,25,50,USA,2023,6,14,19,Contentment
611,Embarking on a journey of learning a new language. The mind stays young with every new word. #LanguageLearning #NeverTooLate,Curiosity,15/06/2023 12:00,LinguisticExplorer,Twitter,#MindEnrichment #SeniorLearning,30,60,UK,2023,6,15,12,Curiosity/Awe
612,"Attended a classical music concert, feeling the timeless melodies resonate. Music transcends generations. #ClassicalMusic #TimelessMelodies",Joy,16/06/2023 22:00,MusicConnoisseur,Facebook,#MusicLover #SeniorConcert,18,35,Canada,2023,6,16,21,Joy
613,Capturing the beauty of nature through photography. Every snapshot is a treasure. #NaturePhotography #SeniorPhotographer,Joy,17/06/2023 15:00,PhotographySenior,Instagram,#NatureCapture #SeniorMoments,35,70,USA,2023,6,17,15,Joy
614,"Reconnecting with old friends over a cup of tea. Friendship, the true essence of companionship. #OldFriends #Companionship",Contentment,18/06/2023 12:00,TeaTimeSenior,Twitter,#FriendshipGoals #SeniorBonding,28,55,UK,2023,6,18,11,Contentment
615,"Embarked on a road trip to revisit cherished places from the past. Nostalgia, the ultimate travel companion. #RoadTrip #NostalgiaTour",Joy,19/06/2023 17:00,RoadTripSenior,Facebook,#CherishedPlaces #SeniorTravel,22,45,Canada,2023,6,19,16,Joy
616,"Joined a community choir, harmonizing with fellow voices. Music creates bonds that withstand time. #CommunityChoir #HarmonyInAging",Joy,20/06/2023 14:00,ChoirEnthusiast,Instagram,#MusicHarmony #SeniorVoices,20,40,USA,2023,6,20,14,Joy
617,"Exploring the art of meditation, finding tranquility in the stillness of the mind. #MeditationJourney #TranquilMind",Contentment,21/06/2023 19:00,MeditationSenior,Twitter,#MindfulLiving #SeniorCalm,18,35,UK,2023,6,21,19,Contentment
618,"Taking a stroll in the garden, appreciating the beauty of blooming flowers. Nature's wonders never cease. #GardenWalk #FloralBeauty",Contentment,22/06/2023 14:00,GardenEnthusiast,Facebook,#NatureWonders #SeniorGarden,25,50,USA,2023,6,22,13,Contentment
619,"Sipping on a favorite vintage wine, each sip telling a story of the years gone by. Cheers to a life well-lived. #WineLover #VintageCheers",Contentment,23/06/2023 19:00,WineConnoisseur,Instagram,#LifeWellLived #SeniorWine,28,55,UK,2023,6,23,18,Contentment
620,"Participated in a community art class, unleashing creativity in the golden years. Art has no age limit. #ArtClass #SeniorArtistry",Joy,24/06/2023 16:00,ArtisticSenior,Twitter,#CreativityAtAnyAge #SeniorCreativity,22,45,Canada,2023,6,24,16,Joy
621,"Embarking on a journey of writing a memoir, documenting a lifetime of experiences. Every story matters. #MemoirWriting #SeniorStories",Gratitude,25/06/2023 21:00,MemoiristSenior,Facebook,#LifetimeExperiences #SeniorMemoir,35,70,USA,2023,6,25,20,Gratitude
622,"Attended a lecture on history, always fascinated by the lessons from the past. Learning is a lifelong adventure. #HistoryLecture #SeniorLearning",Curiosity,26/06/2023 14:00,HistoryEnthusiast,Instagram,#LifetimeAdventure #SeniorCuriosity,30,60,UK,2023,6,26,14,Curiosity/Awe
623,"Rediscovered the joy of cooking traditional family recipes. The kitchen, a place of cherished memories. #FamilyRecipes #SeniorCooking",Contentment,27/06/2023 18:00,FamilyChefSenior,Twitter,#KitchenMemories #SeniorCulinary,20,40,USA,2023,6,27,17,Contentment
624,"Joined a nature photography club, capturing the beauty of the great outdoors. Every click is a connection to nature. #NaturePhotography #SeniorPhotographer",Joy,28/06/2023 22:00,NaturePhotographySenior,Facebook,#OutdoorBeauty #SeniorClicks,18,35,UK,2023,6,28,22,Joy
625,"Attended a jazz concert and swayed to the rhythm of timeless tunes. Music, a constant companion in the golden years. #JazzConcert #SeniorMusic",Joy,29/06/2023 17:00,JazzMusicLover,Instagram,#TimelessTunes #SeniorJazz,25,50,USA,2023,6,29,16,Joy
626,"Joined a writing group, penning down thoughts and reflections. Writing, a journey into the depths of the soul. #WritingGroup #SeniorWriter",Gratitude,30/06/2023 20:00,SeniorWordsmith,Twitter,#SoulfulWriting #SeniorReflections,28,55,UK,2023,6,30,19,Gratitude
627,"Embarked on a solo travel adventure, discovering the beauty of new places at my own pace. #SoloTravel #SeniorExplorer",Excitement,01/07/2023 14:00,SoloAdventurer,Instagram,#DiscoverNewPlaces #SeniorTravel,30,60,USA,2023,7,1,14,Excitement
628,"Attended a vintage car show, reminiscing about the classics that once ruled the roads. Nostalgia in every rev. #VintageCars #ClassicRides",Joy,02/07/2023 18:00,CarEnthusiastSenior,Facebook,#RoadTripDownMemoryLane #SeniorCars,22,45,UK,2023,7,2,18,Joy
629,"Started a community garden, growing not just plants but friendships too. Green thumbs unite! #CommunityGarden #SeniorGardener",Joy,03/07/2023 13:00,GreenThumbSenior,Twitter,#GardenFriends #SeniorGreenThumb,28,55,Canada,2023,7,3,12,Joy
630,"Hosted a family dinner, where laughter echoed louder than the clinking of utensils. Family, the heart of happiness. #FamilyDinner #SeniorHost",Contentment,04/07/2023 17:00,FamilyHostSenior,Instagram,#HeartwarmingMoments #SeniorFamily,35,70,USA,2023,7,4,17,Contentment
631,"Enrolled in a dance class for seniors, moving to the rhythm of life. Age is just a number on the dance floor. #DanceClass #SeniorDancer",Joy,05/07/2023 20:00,DanceEnthusiastSenior,Twitter,#DanceLife #SeniorMoves,18,35,UK,2023,7,5,20,Joy
632,"Visited an art gallery, appreciating the brushstrokes that tell tales of creativity. Art, an eternal companion. #ArtGallery #SeniorArtLover",Joy,06/07/2023 15:00,ArtGalleryVisitor,Facebook,#CreativeExpressions #SeniorArt,25,50,USA,2023,7,6,14,Joy
633,"Started a book club for seniors, where discussions are as lively as the characters in the novels. #BookClub #SeniorReaders",Joy,07/07/2023 20:00,SeniorBookClub,Instagram,#BookishTalks #SeniorBookworms,22,45,UK,2023,7,7,19,Joy
634,"Hosted a picnic in the park, basking in the warmth of friendship and sunshine. Simple joys, timeless memories. #ParkPicnic #SeniorJoy",Contentment,08/07/2023 16:00,SeniorPicnicHost,Twitter,#FriendshipSunshine #SeniorMemories,30,60,Canada,2023,7,8,16,Contentment
635,"Participated in a local theater production, proving that the stage belongs to every age. #TheaterProduction #SeniorActor",Joy,09/07/2023 23:00,SeniorActor,Facebook,#StagePassion #SeniorTheater,20,40,USA,2023,7,9,22,Joy
636,"Embarked on a hiking adventure, conquering trails and relishing the beauty of nature. Age is just a number on the mountaintop. #HikingAdventure #SeniorHiker",Excitement,10/07/2023 14:00,SeniorHikerExplorer,Instagram,#NatureTrailBlazer #SeniorExplorer,28,55,UK,2023,7,10,14,Excitement
637,Hosted a photography exhibition featuring snapshots of a life well-lived. Every photo has a story to tell. #PhotographyExhibition #SeniorPhotographer,Gratitude,11/07/2023 19:00,SeniorPhotographerExhibitor,Twitter,#LifeInPictures #SeniorExhibition,22,45,Canada,2023,7,11,18,Gratitude
638,"Joined a seniors' cycling club, feeling the wind in my hair and the freedom of the open road. #CyclingClub #SeniorCyclist",Excitement,12/07/2023 14:00,SeniorCyclingEnthusiast,Facebook,#OpenRoadAdventures #SeniorCycling,25,50,USA,2023,7,12,13,Excitement
639,"Attended a wine tasting event, savoring the richness of flavors that age like fine wine. Cheers to the golden years! #WineTasting #SeniorWineLover",Joy,13/07/2023 20:00,SeniorWineConnoisseur,Instagram,#AgedToPerfection #SeniorCheers,35,70,UK,2023,7,13,20,Joy
640,"Started learning ballroom dancing, gliding gracefully across the dance floor. Ageless elegance in every step. #BallroomDancing #SeniorDancer",Joy,14/07/2023 16:00,SeniorBallroomDancer,Twitter,#GracefulMoves #SeniorDance,20,40,USA,2023,7,14,16,Joy
641,"Organized a community painting event, turning blank canvases into a masterpiece of shared creativity. #PaintingEvent #SeniorArtist",Joy,15/07/2023 20:00,SeniorPaintingOrganizer,Facebook,#CommunityArt #SeniorCreativity,28,55,Canada,2023,7,15,19,Joy
642,"Hosted a 'memory lane' evening with old friends, reminiscing about the adventures that shaped our lives. #MemoryLane #SeniorReminiscing",Gratitude,16/07/2023 14:00,SeniorMemoriesHost,Instagram,#FriendshipAdventures #SeniorNostalgia,30,60,USA,2023,7,16,14,Gratitude
643,"Joined a seniors' astronomy club, stargazing and finding wonder in the vastness of the cosmos. #AstronomyClub #SeniorStargazer",Curiosity,17/07/2023 22:00,SeniorStargazer,Twitter,#CelestialWonders #SeniorAstronomy,18,35,UK,2023,7,17,22,Curiosity/Awe
644,"Attended a local jazz festival, tapping toes to the tunes that have stood the test of time. Music, a lifelong love affair. #JazzFestival #SeniorMusicLover",Joy,18/07/2023 17:00,SeniorJazzFestivalGoer,Facebook,#TimelessTunes #SeniorJazz,25,50,USA,2023,7,18,16,Joy
645,"Started a blog sharing the wisdom gained through the years, proving that every day is a chance to learn and grow. #SeniorWisdom #Blog",Gratitude,19/07/2023 20:00,WisdomBloggerSenior,Instagram,#LifeLessons #SeniorBlog,22,45,UK,2023,7,19,19,Gratitude
646,"Participated in a charity run, proving that age is no barrier to supporting meaningful causes. #CharityRun #SeniorRunner",Excitement,20/07/2023 17:00,SeniorCharityRunner,Twitter,#RunForACause #SeniorSupport,30,60,Canada,2023,7,20,17,Excitement
647,"Survived a challenging physics exam. Equations, you won't defeat me!",Relief,01/08/2023 14:00,PhysicsWhizHighSchool,Instagram,#PhysicsSurvivor #HighSchoolAdventures,20,40,USA,2023,8,1,13,Contentment
648,Exploring the world of coding. Debugging is an adventure on its own! #CodingJourney #HighSchoolCoder,Excitement,02/08/2023 15:00,CodeExplorerHighSchool,Twitter,#CodingAdventure #HighSchoolCoderLife,25,50,UK,2023,8,2,14,Excitement
649,"Joined the school debate team. Words are my weapons, and I'm ready for battle!",Excitement,03/08/2023 12:00,DebateWarriorHighSchool,Facebook,#DebateWarrior #HighSchoolDebater,18,35,Canada,2023,8,3,12,Excitement
650,"Started a photography club at school. Capturing moments, one snapshot at a time!",Joy,04/08/2023 17:00,PhotoClubHighSchool,Instagram,#PhotographyClub #HighSchoolPhotographer,22,45,USA,2023,8,4,16,Joy
651,"Daydreaming about the upcoming prom. The dress, the dance ""ì it's a fairytale in the making!",Excitement,05/08/2023 20:00,PromDreamerHighSchool,Twitter,#PromDreams #HighSchoolFairytale,30,60,Canada,2023,8,5,19,Excitement
652,Convinced the teacher to have class outdoors. Learning equations with a side of fresh air!,Positive,06/08/2023 14:00,OutdoorClassHighSchool,Facebook,#OutdoorClassroom #HighSchoolExplorer,28,55,USA,2023,8,6,14,Positive
653,"Accidentally spilled paint in art class. Abstract art, right? #ArtClassAdventures #HighSchoolArtist",Embarrassed,07/08/2023 20:00,PaintSpillHighSchool,Instagram,#ArtisticMishaps #HighSchoolArt,22,45,UK,2023,8,7,19,Shame
654,Trying to master the perfect kickflip on my skateboard. Skating into the weekend like a pro!,Excitement,08/08/2023 16:00,SkateProHighSchool,Twitter,#SkaterLife #HighSchoolSkater,30,60,Canada,2023,8,8,16,Excitement
655,Bonding with friends over the latest K-pop sensation. Fangirling at its finest!,Joy,09/08/2023 23:00,KpopFangirlHighSchool,Facebook,#KpopFangirl #HighSchoolMusic,20,40,USA,2023,8,9,22,Joy
656,Spent hours perfecting a chemistry experiment. Mixing potions like a wizard!,Joy,10/08/2023 14:00,ChemistryWizardHighSchool,Instagram,#ChemistryWizard #HighSchoolScientist,28,55,UK,2023,8,10,14,Joy
657,Successfully organized a surprise birthday party for a friend. Party planning expert mode: Achieved!,Joy,11/08/2023 19:00,BirthdayPartyPlannerHighSchool,Twitter,#BirthdayParty #HighSchoolCelebration,22,45,Canada,2023,8,11,18,Joy
658,"Joined the drama club to unleash my inner actor. Lights, camera, action!",Excitement,12/08/2023 14:00,DramaClubStarHighSchool,Facebook,#DramaClubStar #HighSchoolActor,25,50,USA,2023,8,12,13,Excitement
659,Got my hands on the latest fantasy novel. Diving into realms of magic and adventure!,Excitement,13/08/2023 20:00,FantasyBookNerdHighSchool,Instagram,#FantasyBookNerd #HighSchoolReader,35,70,UK,2023,8,13,20,Excitement
660,Mastering the art of the perfect doodle during boring classes. Doodles: A+!,Joy,14/08/2023 16:00,DoodleMasterHighSchool,Twitter,#DoodleMaster #HighSchoolArt,20,40,USA,2023,8,14,16,Joy
661,Attempting to break the school record for the longest handstand. Wish me luck!,Excitement,15/08/2023 20:00,HandstandChallengeHighSchool,Facebook,#HandstandChallenge #HighSchoolAthlete,28,55,Canada,2023,8,15,19,Excitement
662,Sneaking snacks into class like a pro. The art of snack-smuggling is a sacred skill!,Mischievous,16/08/2023 14:00,SnackSmugglerHighSchool,Instagram,#SnackSmuggler #HighSchoolSnacks,30,60,USA,2023,8,16,14,Amusement
663,Hosting a sleepover with friends this weekend. Preparing for a night of laughter and memories!,Excitement,17/08/2023 22:00,SleepoverHostHighSchool,Twitter,#SleepoverFun #HighSchoolMemories,18,35,UK,2023,8,17,22,Excitement
664,"Spent hours on a TikTok dance, only to realize I have two left feet. Dance fail: Unleashed!",Embarrassed,18/08/2023 17:00,TikTokFailHighSchool,Facebook,#DanceFail #HighSchoolTikTok,25,50,USA,2023,8,18,16,Shame
665,Accidentally liked my crush's old photo while stalking their profile. Awkward level: Maximum!,Embarrassed,19/08/2023 20:00,SocialMediaBlunderHighSchool,Instagram,#SocialMediaBlunder #HighSchoolAwkward,22,45,UK,2023,8,19,19,Shame
666,Tried to impress my crush with a smooth conversation. Ended up spilling my drink. Smooth level: Nonexistent!,Embarrassed,20/08/2023 17:00,CrushFailHighSchool,Twitter,#CrushFail #HighSchoolEmbarrassment,30,60,Canada,2023,8,20,17,Shame
667,Mastered the art of creating paper airplanes during lecture. Paper planes: Soaring to new heights!,Joy,21/08/2023 16:00,PaperPlaneExpertHighSchool,Instagram,#PaperPlaneExpert #HighSchoolArt,15,30,USA,2023,8,21,15,Joy
668,Trying to set a new trend by juggling textbooks between classes. Academic juggling: A unique skill!,Excitement,22/08/2023 12:00,JugglingProHighSchool,Facebook,#TextbookJuggling #HighSchoolSkills,22,40,Canada,2023,8,22,12,Excitement
669,Hiding a snack stash in my backpack for emergency cravings. Snack ninja mode: Activated!,Mischievous,23/08/2023 17:00,SnackNinjaHighSchool,Twitter,#SnackNinja #HighSchoolSnacks,28,55,USA,2023,8,23,16,Amusement
670,Planning a surprise scavenger hunt for friends. Anticipating the thrill and excitement!,Excitement,24/08/2023 18:00,ScavengerHuntMasterHighSchool,Instagram,#SurpriseAdventure #HighSchoolFun,20,38,UK,2023,8,24,18,Excitement
671,Danced in the rain to celebrate the end of exams. Rain dance: Unexpectedly refreshing!,Joy,25/08/2023 14:00,RainDanceCelebrationHighSchool,Facebook,#RainDance #HighSchoolJoy,25,50,Canada,2023,8,25,14,Joy
672,Accidentally sent a text meant for a friend to the class group chat. Texting fail: Oops moment!,Embarrassed,26/08/2023 18:00,GroupChatBlunderHighSchool,Twitter,#TextingFail #HighSchoolAwkward,18,35,USA,2023,8,26,17,Shame
673,Tried a magic trick to impress classmates. Magic fail: Where did that rabbit go?,Embarrassed,27/08/2023 21:00,MagicFailHighSchool,Instagram,#MagicFail #HighSchoolMagic,22,45,UK,2023,8,27,20,Shame
674,Perfecting the art of creating origami during a dull lecture. Origami mastery: A+!,Joy,28/08/2023 16:00,OrigamiProHighSchool,Twitter,#OrigamiMaster #HighSchoolArt,18,36,USA,2023,8,28,16,Joy
675,Attempting to set a new record for the most consecutive hacky sack kicks. Hacky sack skills: Unleashed!,Excitement,29/08/2023 14:00,HackySackChampionHighSchool,Instagram,#HackySackChallenge #HighSchoolAthlete,26,48,Canada,2023,8,29,13,Excitement
676,Creating a secret handshake with friends. Friendship level: Expert!,Joy,30/08/2023 18:00,SecretHandshakeHighSchool,Facebook,#FriendshipGoals #HighSchoolMemories,20,40,USA,2023,8,30,17,Joy
677,Embarking on a mission to find the best burger joint in town. Burger connoisseur: Reporting for duty!,Excitement,31/08/2023 20:00,BurgerQuestHighSchool,Twitter,#BurgerQuest #HighSchoolFoodie,24,42,UK,2023,8,31,20,Excitement
678,Practicing a stand-up comedy routine for the upcoming talent show. Comedy gig: In the making!,Joy,01/09/2023 15:00,ComedyGeniusHighSchool,Instagram,#StandUpComedy #HighSchoolTalent,21,39,Canada,2023,9,1,14,Joy
679,Accidentally sent a love letter to the wrong person. Love note fail: Maximum embarrassment!,Embarrassed,02/09/2023 18:00,LoveLetterBlunderHighSchool,Facebook,#LoveLetterFail #HighSchoolAwkward,17,33,USA,2023,9,2,18,Shame
680,Attempting to impress the teacher with an elaborate science experiment. Science geek mode: Activated!,Excitement,03/09/2023 22:00,ScienceExperimentProHighSchool,Twitter,#ScienceGeek #HighSchoolExperiments,23,44,UK,2023,9,3,22,Excitement
681,Crafting intricate friendship bracelets for the whole squad. Friendship level: Expert weaver!,Joy,04/09/2023 15:00,BraceletCraftsmanHighSchool,Instagram,#FriendshipBracelets #HighSchoolCrafts,19,37,USA,2023,9,4,15,Joy
682,Attempting to beat the record for the most consecutive cartwheels. Cartwheel challenge: Underway!,Excitement,05/09/2023 12:00,CartwheelMasterHighSchool,Twitter,#CartwheelChallenge #HighSchoolAthlete,27,52,Canada,2023,9,5,12,Excitement
683,Organizing a movie marathon with friends. Popcorn and cinematic adventures await!,Joy,06/09/2023 17:00,MovieMarathonHostHighSchool,Facebook,#MovieNight #HighSchoolMemories,22,43,UK,2023,9,6,16,Joy
684,Experimenting with a new hair color. A bold change for a bold semester!,Excitement,07/09/2023 18:00,HairColorExperimentHighSchool,Instagram,#HairExperiment #HighSchoolStyle,20,39,USA,2023,9,7,18,Excitement
685,Building a time capsule to capture memories for the future. Time-traveling emotions!,Joy,08/09/2023 14:00,TimeCapsuleCreatorHighSchool,Facebook,#TimeCapsule #HighSchoolNostalgia,26,48,Canada,2023,9,8,14,Joy
686,Accidentally walked into the wrong classroom on the first day. Classroom mix-up: Awkward start!,Embarrassed,09/09/2023 18:00,ClassroomBlunderHighSchool,Twitter,#FirstDayOops #HighSchoolEmbarrassment,16,32,USA,2023,9,9,17,Shame
687,Trying out a new smoothie recipe for a healthy start to the week. Smoothie enthusiast: Level up!,Excitement,10/09/2023 21:00,SmoothieConnoisseurHighSchool,Instagram,#HealthyLiving #HighSchoolWellness,23,42,UK,2023,9,10,20,Excitement
688,Reflecting on the challenges of the school year. Feeling a bit overwhelmed with assignments.,Sad,11/09/2023 16:00,OverwhelmedHighSchoolStudent,Twitter,#SchoolChallenges #HighSchoolStruggles,15,28,USA,2023,9,11,15,Sadness
689,Encountered some mean-spirited comments online. Dealing with online hate is never easy.,Hate,12/09/2023 12:00,DealingWithHateHighSchool,Instagram,#OnlineHate #HighSchoolReality,18,36,Canada,2023,9,12,12,Resentment
690,Had a bad day at school. Everything seems to be going wrong.,Bad,13/09/2023 17:00,ToughDayHighSchool,Facebook,#BadDay #HighSchoolBlues,20,40,UK,2023,9,13,16,Negative
691,Feeling down after not making the sports team. Disappointment lingers.,Sad,14/09/2023 18:00,SportsTeamRejectionHighSchool,Twitter,#Disappointment #HighSchoolSports,17,34,USA,2023,9,14,18,Sadness
692,Witnessed a heated argument in the cafeteria. Unpleasant atmosphere at lunch.,Hate,15/09/2023 14:00,CafeteriaConflictHighSchool,Instagram,#CafeteriaDrama #HighSchoolTension,21,41,Canada,2023,9,15,14,Resentment
693,Received a not-so-great grade on a major project. Academic frustration setting in.,Bad,16/09/2023 18:00,ProjectGradeDisappointmentHighSchool,Facebook,#AcademicFrustration #HighSchoolStress,19,38,UK,2023,9,16,17,Negative
694,Dealing with a personal setback. Sometimes life throws unexpected challenges.,Sad,17/09/2023 21:00,PersonalSetbackHighSchool,Twitter,#LifeChallenges #HighSchoolStruggles,22,44,USA,2023,9,17,20,Sadness
695,Feeling lonely on a Saturday night. Sometimes solitude hits harder than expected.,Sad,18/09/2023 22:00,LonelySaturdayHighSchool,Instagram,#LonelyNights #HighSchoolEmotions,16,31,Canada,2023,9,18,22,Sadness
696,Experiencing cyberbullying. Hateful messages online are disheartening.,Hate,19/09/2023 15:00,CyberbullyingVictimHighSchool,Facebook,#StopCyberbullying #HighSchoolReality,14,27,UK,2023,9,19,15,Resentment
697,Caught in a torrential rainstorm without an umbrella. Today's weather is just bad luck.,Bad,20/09/2023 12:00,RainyDayBluesHighSchool,Twitter,#BadLuck #HighSchoolWeather,18,35,USA,2023,9,20,12,Negative
698,Missing an important event due to unforeseen circumstances. A day filled with sadness.,Sad,21/09/2023 17:00,MissedOpportunityHighSchool,Instagram,#MissedChances #HighSchoolRegret,20,39,Canada,2023,9,21,16,Sadness
699,Dealing with unfounded rumors circulating about personal life. Rumors can be hurtful.,Hate,22/09/2023 18:00,RumorVictimHighSchool,Facebook,#RumorMills #HighSchoolDrama,23,46,UK,2023,9,22,18,Resentment
700,Got a flat tire on the way to an important meeting. Talk about a series of bad events!,Bad,23/09/2023 14:00,FlatTireWoesHighSchool,Twitter,#BadLuckDay #HighSchoolStruggles,25,50,USA,2023,9,23,14,Negative
701,Feeling a sense of emptiness after a close friend moves away. Farewells are always sad.,Sad,24/09/2023 18:00,FriendMovingAwayHighSchool,Instagram,#SayingGoodbye #HighSchoolEmotions,21,42,Canada,2023,9,24,17,Sadness
702,Facing rejection from a dream college. Disheartened but determined to explore other paths.,Sad,25/09/2023 21:00,CollegeRejectionHighSchool,Facebook,#CollegeDreams #HighSchoolJourney,19,37,UK,2023,9,25,20,Sadness
703,Encountering online toxicity during a gaming session. Hateful comments can ruin the fun.,Hate,26/09/2023 14:00,GamingToxicityHighSchool,Twitter,#OnlineGaming #HighSchoolGamer,16,32,USA,2023,9,26,14,Resentment
704,Having a bad hair day and feeling self-conscious. Bad hair days can affect confidence.,Bad,27/09/2023 18:00,BadHairDayBluesHighSchool,Instagram,#BadHairDay #HighSchoolConfidence,18,36,Canada,2023,9,27,17,Negative
705,Feeling a sense of despair after a major project failure. Hard work didn't pay off this time.,Sad,28/09/2023 22:00,ProjectFailureDespairHighSchool,Facebook,#ProjectStruggles #HighSchoolHardships,21,41,UK,2023,9,28,22,Sadness
706,Experiencing hate comments for expressing personal opinions. Online negativity prevails.,Hate,29/09/2023 16:00,OpinionsHateHighSchool,Twitter,#OnlineOpinions #HighSchoolCriticism,24,48,USA,2023,9,29,15,Resentment
707,Having a string of bad luck with constant technology malfunctions. Tech troubles galore!,Bad,30/09/2023 18:00,TechMalfunctionWoesHighSchool,Instagram,#TechIssues #HighSchoolTech,22,43,Canada,2023,9,30,18,Negative
708,Missing out on a long-anticipated event due to unexpected circumstances. A day filled with sadness.,Sad,01/10/2023 14:00,MissedEventBluesHighSchool,Facebook,#MissedMoments #HighSchoolRegret,20,39,UK,2023,10,1,14,Sadness
709,Trying out a new study technique for upcoming exams. Exploring different learning strategies.,Neutral,02/10/2023 17:00,StudyTechniqueExperimentHighSchool,Instagram,#StudyStrategies #HighSchoolExams,23,42,USA,2023,10,2,16,Neutral
710,Organizing a community cleanup event for a cleaner neighborhood. Promoting environmental awareness.,Neutral,03/10/2023 12:00,CommunityCleanupHighSchool,Twitter,#EnvironmentalEfforts #HighSchoolCommunity,26,50,Canada,2023,10,3,12,Neutral
711,Sharing favorite book recommendations with classmates. Building a mini book club.,Neutral,04/10/2023 18:00,BookRecommendationsHighSchool,Facebook,#BookClub #HighSchoolReads,19,38,UK,2023,10,4,18,Neutral
712,Experimenting with a new recipe for a school bake sale. Baking adventures in the kitchen.,Neutral,05/10/2023 14:00,BakeSaleRecipeExperimentHighSchool,Instagram,#BakingAdventures #HighSchoolBakes,21,43,USA,2023,10,5,14,Neutral
713,Collaborating on a school project with peers. Teamwork makes the dream work.,Neutral,06/10/2023 18:00,SchoolProjectCollaborationHighSchool,Twitter,#Teamwork #HighSchoolProjects,18,36,Canada,2023,10,6,17,Neutral
714,Attending a school club meeting to explore new interests. Dabbling in extracurricular activities.,Neutral,07/10/2023 21:00,ExtracurricularExplorationHighSchool,Instagram,#SchoolClubs #HighSchoolInterests,22,45,UK,2023,10,7,20,Neutral
715,Exploring a new part-time job opportunity for gaining work experience. Career development in progress.,Neutral,08/10/2023 15:00,PartTimeJobExplorationHighSchool,Facebook,#CareerDevelopment #HighSchoolJobs,24,48,USA,2023,10,8,15,Neutral
716,Attending a school assembly to stay informed about upcoming events and announcements. Staying connected with school activities.,Neutral,09/10/2023 22:00,SchoolAssemblyParticipationHighSchool,Twitter,#SchoolEvents #HighSchoolConnectivity,20,40,Canada,2023,10,9,22,Neutral
717,Exploring a new hobby of photography during free time. Capturing moments through a lens.,Neutral,10/10/2023 14:00,PhotographyHobbyHighSchool,Instagram,#PhotographyJourney #HighSchoolHobbies,25,49,UK,2023,10,10,14,Neutral
718,Participating in a science fair to showcase a unique experiment. Sharing knowledge with peers.,Neutral,11/10/2023 17:00,ScienceFairParticipationHighSchool,Facebook,#ScienceFair #HighSchoolScience,19,37,USA,2023,10,11,16,Neutral
719,Attending a workshop on time management to enhance organizational skills. Striving for efficiency.,Neutral,12/10/2023 18:00,TimeManagementWorkshopHighSchool,Twitter,#EfficiencyGoals #HighSchoolSkills,23,44,Canada,2023,10,12,18,Neutral
720,Volunteering at a local charity event to give back to the community. Contributing to social causes.,Neutral,13/10/2023 12:00,CharityEventVolunteerHighSchool,Instagram,#CommunityService #HighSchoolVolunteer,20,39,UK,2023,10,13,12,Neutral
721,Collaborating on a group project to promote teamwork and shared responsibilities. Group effort in action.,Neutral,14/10/2023 18:00,GroupProjectCollaborationHighSchool,Facebook,#TeamSpirit #HighSchoolProjects,18,35,USA,2023,10,14,17,Neutral
722,Participating in a debate club to enhance critical thinking and communication skills. Intellectual engagement in progress.,Neutral,15/10/2023 21:00,DebateClubParticipationHighSchool,Twitter,#DebateSkills #HighSchoolIntellect,22,43,Canada,2023,10,15,20,Neutral
723,Celebrating a friend's birthday with a surprise party. Joyful moments and laughter all around!,Happy,16/10/2023 16:00,BirthdaySurpriseHighSchool,Instagram,#SurpriseParty #HighSchoolCelebration,27,52,UK,2023,10,16,15,Happiness
724,Successfully completing a challenging coding project. Excitement for overcoming coding hurdles!,Happy,17/10/2023 12:00,CodingSuccessHighSchool,Twitter,#CodingTriumph #HighSchoolTech,24,48,USA,2023,10,17,12,Happiness
725,Attending a school talent show to support classmates. Applauding the diverse talents on display!,Happy,18/10/2023 17:00,TalentShowSupportHighSchool,Facebook,#TalentShow #HighSchoolEntertainment,19,38,Canada,2023,10,18,16,Happiness
726,"Exploring a new hiking trail with friends over the weekend. Nature, laughter, and good vibes!",Happy,19/10/2023 18:00,WeekendHikeHighSchool,Instagram,#NatureAdventures #HighSchoolFriends,21,42,UK,2023,10,19,18,Happiness
727,Winning a friendly sports competition against rival schools. Victory celebrations in full swing!,Happy,20/10/2023 14:00,SportsVictoryHighSchool,Twitter,#SportsTriumph #HighSchoolAthletics,26,50,USA,2023,10,20,14,Happiness
728,Receiving a heartfelt letter from a pen pal in another country. Connecting across the globe!,Happy,21/10/2023 18:00,PenPalConnectionHighSchool,Facebook,#GlobalFriendship #HighSchoolCorrespondence,23,45,Canada,2023,10,21,17,Happiness
729,Creating a beautiful mural with fellow art enthusiasts. The power of collaboration and creativity!,Happy,22/10/2023 21:00,MuralCreationHighSchool,Instagram,#ArtCollaboration #HighSchoolCreativity,22,43,UK,2023,10,22,20,Happiness
730,Participating in a school-wide art exhibition. Witnessing creativity and spreading positive vibes!,Happy,10/11/2015 17:00,ArtExhibitionJoyHighSchool,Instagram,#ArtisticExpression #HighSchoolCreativity,23,44,USA,2015,11,10,16,Happiness
731,Achieving a personal best in a track and field competition. The thrill of victory and self-improvement!,Happy,14/09/2016 12:00,TrackFieldSuccessHighSchool,Twitter,#AthleticAchievement #HighSchoolSports,26,51,Canada,2016,9,14,12,Happiness
732,Collaborating on a science project that received recognition at a regional fair. Science triumphs and smiles!,Happy,18/08/2017 18:00,ScienceProjectSuccessHighSchool,Facebook,#ScienceFairWinner #HighSchoolScience,20,39,UK,2017,8,18,18,Happiness
733,"Attending a surprise birthday party organized by friends. Surrounded by love, laughter, and good company!",Happy,22/06/2018 14:00,BirthdayPartyJoyHighSchool,Instagram,#SurpriseCelebration #HighSchoolFriendship,25,48,USA,2018,6,22,14,Happiness
734,Successfully fundraising for a school charity initiative. The joy of giving back to the community!,Happy,05/04/2019 18:00,CharityFundraisingTriumphHighSchool,Twitter,#CommunityGiving #HighSchoolPhilanthropy,22,42,Canada,2019,4,5,17,Happiness
735,"Participating in a multicultural festival, celebrating diversity with music, dance, and delicious food!",Happy,29/02/2020 21:00,MulticulturalFestivalJoyHighSchool,Facebook,#CulturalCelebration #HighSchoolUnity,21,43,UK,2020,2,29,20,Happiness
736,"Organizing a virtual talent show during challenging times, bringing smiles to classmates' faces!",Happy,15/11/2020 15:00,VirtualTalentShowSuccessHighSchool,Instagram,#VirtualEntertainment #HighSchoolPositivity,24,47,USA,2020,11,15,15,Happiness
